Workbook

Sheet FRONT
Y1: SF-10 for SHS | AC1: NOTES
A2: REPUBLIC OF THE PHILIPPINES
A3: DEPARTMENT OF EDUCATION
A4: SENIOR HIGH SCHOOL LEARNER'S PERMANENT RECORD
A5: LEARNER'S INFORMATION
A7: Last Name: | I7: First Name: | Q7: Middle Name: | X7: Extension:
A8: LRN: | I8: Date of Birth: | O8: Sex: | V8: Date of SHS Admission:
K9: MM / DD / YYYY | W9: MM / DD / YYYY
A10: ELIGIBILITY FOR SHS ENROLMENT | AC10: selected
B12: High School Completer* | G12: Gen. Ave: | K12: Junior High School Completer | Q12: Gen. Ave: | AC12: 6
B13: Date of Graduation/Completion: | K13: Name of School: | U13: School Add.:
G14: MM / DD / YYYY
B15: PEPT Passer** | G15: Rating: | K15: ALS A&E Passer*** | O15: Rating: | S15: Others (Pls.Specify):
B16: Date of Examination/Assessment: | K16: Name & Address of CLC:
G17: MM / DD / YYYY | O17: (Community Learning Center)
A18: *High School Completers are students who graduated from secondary school under the old curriculum | K18: ***ALS A&E - Alternative Learning System Accreditation and Equivalency Test for JHS
A19: **PEPT - Philippine Educational Placement Test for JHS
A20: SCHOLASTIC RECORD
A22: SCHOOL: | M22: SCHOOL ID: | R22: GRADE LEVEL: | S22: 11 | V22: SECTION: | AA22: FIRST SEMESTER / FIRST SEMESTER / FIRST SEMESTER / FIRST SEMESTER / FIRST SEMESTER
A23: TRACK: | R23: SCHOOL YEAR: | V23: SEM: | W23: FIRST
A25: TRACK | D25: SUBJECTS | R25: QUARTERLY GRADE | T25: 1ST SEMESTRAL GRADE | W25: REMARK
T26: GEN. AVE. | U26: ACTION TAKEN
A27: Core/Academic/TechPro | D27: Specific core or elective subject | R27: Q1 | S27: Q2 | W27: Final Grade Computation
A28: 1 | B28: CORE | D28: Effective Communication & Mabisang Komunikasyon | R28: =IF(AND(R29<>"",R30<>""),ROUND(AVERAGE(R29:R30),),"") | S28: =IF(AND(S29<>"",S30<>""),ROUND(AVERAGE(S29:S30),),"") | W28: The General Average / Final Grade is the average of four (4) quarterly grades.
A29: 1A | B29: CORE | D29: Effective Communication
A30: 1B | B30: CORE | D30: Mabisang Komunikasyon
A31: 2 | B31: CORE | D31: General Mathematics
A32: 3 | B32: CORE | D32: General Science
A33: 4 | B33: CORE | D33: Life and Career Skills
A34: 5 | B34: CORE | D34: Pag-aaral ng Kasaysayan at Lipunang Pilipino | AD34: Listed | AE34: New | AF34: Quarters
A35: 6 | T35: =IF(AF35=2,IF(COUNTA(R35:S35)=2,ROUND(AVERAGE(R35:S35),0),""),"") | U35: =IF(T35<>"",IF(T35<75,"FAILED","PASSED"),"") | W35: =_xlfn.IFNA(_xlfn.XLOOKUP(AF35,HELPER_SUBJECTS!$I$13:$I$14,HELPER_SUBJECTS!$J$13:$J$14),"") | AC35: =IF(B35="ACADEMIC",HELPER_SUBJECTS!$S$4,IF(B35="TECHPRO",HELPER_SUBJECTS!$T$4,"")) | AD35: =_xlfn.IFNA(_xlfn.XLOOKUP(D35,HELPER_SUBJECTS!D:D,HELPER_SUBJECTS!F:F),0) -> 0 | AE35: =_xlfn.IFNA(IF(D35<>"",_xlfn.XLOOKUP(D35,ANNEX!$F$52:$F$61,ANNEX!$H$52:$H$61),0),0) -> 0 | AF35: =IF(AND(AD35>0,AE35=0),AD35,IF(AND(AE35>0,AD35=0),AE35,0)) -> 0
A36: 7 | T36: =IF(AF36=2,IF(COUNTA(R36:S36)=2,ROUND(AVERAGE(R36:S36),0),""),"") | U36: =IF(T36<>"",IF(T36<75,"FAILED","PASSED"),"") | W36: =_xlfn.IFNA(_xlfn.XLOOKUP(AD36,HELPER_SUBJECTS!$I$13:$I$14,HELPER_SUBJECTS!$J$13:$J$14),"") | AC36: =IF(B36="ACADEMIC",HELPER_SUBJECTS!$S$4,IF(B36="TECHPRO",HELPER_SUBJECTS!$T$4,"")) | AD36: =_xlfn.IFNA(_xlfn.XLOOKUP(D36,HELPER_SUBJECTS!D:D,HELPER_SUBJECTS!F:F),0) -> 0 | AE36: =_xlfn.IFNA(IF(D36<>"",_xlfn.XLOOKUP(D36,ANNEX!$F$52:$F$61,ANNEX!$H$52:$H$61),0),0) -> 0 | AF36: =IF(AND(AD36>0,AE36=0),AD36,IF(AND(AE36>0,AD36=0),AE36,0)) -> 0
A37: 8 | T37: =IF(AF37=2,IF(COUNTA(R37:S37)=2,ROUND(AVERAGE(R37:S37),0),""),"") | U37: =IF(T37<>"",IF(T37<75,"FAILED","PASSED"),"") | W37: =_xlfn.IFNA(_xlfn.XLOOKUP(AD37,HELPER_SUBJECTS!$I$13:$I$14,HELPER_SUBJECTS!$J$13:$J$14),"") | AC37: =IF(B37="ACADEMIC",HELPER_SUBJECTS!$S$4,IF(B37="TECHPRO",HELPER_SUBJECTS!$T$4,"")) | AD37: =_xlfn.IFNA(_xlfn.XLOOKUP(D37,HELPER_SUBJECTS!D:D,HELPER_SUBJECTS!F:F),0) -> 0 | AE37: =_xlfn.IFNA(IF(D37<>"",_xlfn.XLOOKUP(D37,ANNEX!$F$52:$F$61,ANNEX!$H$52:$H$61),0),0) -> 0 | AF37: =IF(AND(AD37>0,AE37=0),AD37,IF(AND(AE37>0,AD37=0),AE37,0)) -> 0
A38: 9 | T38: =IF(AF38=2,IF(COUNTA(R38:S38)=2,ROUND(AVERAGE(R38:S38),0),""),"") | U38: =IF(T38<>"",IF(T38<75,"FAILED","PASSED"),"") | W38: =_xlfn.IFNA(_xlfn.XLOOKUP(AD38,HELPER_SUBJECTS!$I$13:$I$14,HELPER_SUBJECTS!$J$13:$J$14),"") | AC38: =IF(B38="ACADEMIC",HELPER_SUBJECTS!$S$4,IF(B38="TECHPRO",HELPER_SUBJECTS!$T$4,"")) | AD38: =_xlfn.IFNA(_xlfn.XLOOKUP(D38,HELPER_SUBJECTS!D:D,HELPER_SUBJECTS!F:F),0) -> 0 | AE38: =_xlfn.IFNA(IF(D38<>"",_xlfn.XLOOKUP(D38,ANNEX!$F$52:$F$61,ANNEX!$H$52:$H$61),0),0) -> 0 | AF38: =IF(AND(AD38>0,AE38=0),AD38,IF(AND(AE38>0,AD38=0),AE38,0)) -> 0
A39: 10 | T39: =IF(AF39=2,IF(COUNTA(R39:S39)=2,ROUND(AVERAGE(R39:S39),0),""),"") | U39: =IF(T39<>"",IF(T39<75,"FAILED","PASSED"),"") | W39: =_xlfn.IFNA(_xlfn.XLOOKUP(AD39,HELPER_SUBJECTS!$I$13:$I$14,HELPER_SUBJECTS!$J$13:$J$14),"") | AC39: =IF(B39="ACADEMIC",HELPER_SUBJECTS!$S$4,IF(B39="TECHPRO",HELPER_SUBJECTS!$T$4,"")) | AD39: =_xlfn.IFNA(_xlfn.XLOOKUP(D39,HELPER_SUBJECTS!D:D,HELPER_SUBJECTS!F:F),0) -> 0 | AE39: =_xlfn.IFNA(IF(D39<>"",_xlfn.XLOOKUP(D39,ANNEX!$F$52:$F$61,ANNEX!$H$52:$H$61),0),0) -> 0 | AF39: =IF(AND(AD39>0,AE39=0),AD39,IF(AND(AE39>0,AD39=0),AE39,0)) -> 0
A40: 11 | T40: =IF(AF40=2,IF(COUNTA(R40:S40)=2,ROUND(AVERAGE(R40:S40),0),""),"") | U40: =IF(T40<>"",IF(T40<75,"FAILED","PASSED"),"") | W40: =_xlfn.IFNA(_xlfn.XLOOKUP(AD40,HELPER_SUBJECTS!$I$13:$I$14,HELPER_SUBJECTS!$J$13:$J$14),"") | AC40: =IF(B40="ACADEMIC",HELPER_SUBJECTS!$S$4,IF(B40="TECHPRO",HELPER_SUBJECTS!$T$4,"")) | AD40: =_xlfn.IFNA(_xlfn.XLOOKUP(D40,HELPER_SUBJECTS!D:D,HELPER_SUBJECTS!F:F),0) -> 0 | AE40: =_xlfn.IFNA(IF(D40<>"",_xlfn.XLOOKUP(D40,ANNEX!$F$52:$F$61,ANNEX!$H$52:$H$61),0),0) -> 0 | AF40: =IF(AND(AD40>0,AE40=0),AD40,IF(AND(AE40>0,AD40=0),AE40,0)) -> 0
A41: 12 | T41: =IF(AF41=2,IF(COUNTA(R41:S41)=2,ROUND(AVERAGE(R41:S41),0),""),"") | U41: =IF(T41<>"",IF(T41<75,"FAILED","PASSED"),"") | W41: =_xlfn.IFNA(_xlfn.XLOOKUP(AD41,HELPER_SUBJECTS!$I$13:$I$14,HELPER_SUBJECTS!$J$13:$J$14),"") | AC41: =IF(B41="ACADEMIC",HELPER_SUBJECTS!$S$4,IF(B41="TECHPRO",HELPER_SUBJECTS!$T$4,"")) | AD41: =_xlfn.IFNA(_xlfn.XLOOKUP(D41,HELPER_SUBJECTS!D:D,HELPER_SUBJECTS!F:F),0) -> 0 | AE41: =_xlfn.IFNA(IF(D41<>"",_xlfn.XLOOKUP(D41,ANNEX!$F$52:$F$61,ANNEX!$H$52:$H$61),0),0) -> 0 | AF41: =IF(AND(AD41>0,AE41=0),AD41,IF(AND(AE41>0,AD41=0),AE41,0)) -> 0
A43: Remarks:
A45: Prepared by: | L45: Certified True and Correct: | W45: Date Checked:
A47: Signature of Adviser over Printed Name | L47: Signature of Authorized Person over Printed Name, Designation | W47: MM / DD / YYYY
A49: REMEDIATION CLASS | G49: Conducted from: | K49: to | P49: School: | W49: School ID:
H50: MM / DD / YYYY | L50: MM / DD / YYYY
A51: TRACK | D51: SUBJECTS | R51: Failed Final Gr. | S51: Remedial Mark | T51: Recomputed | U51: ACTION TAKEN | W51: REMARK
A52: Core/Academic/TechPro | D52: Specific core or elective subject
A53: 1 | T53: =IF(OR(R53="",S53=""),"",IF(ISERROR(ROUND(AVERAGE(R53,S53),0)),"",ROUND(AVERAGE(R53,S53),0))) | U53: =IF(T53<>"",IF(T53<75,"FAILED","PASSED"),"") | AC53: =IF(B53="CORE",HELPER_SUBJECTS!$M$4,IF(B53="ACADEMIC",HELPER_SUBJECTS!$S$4,IF(B53="TECHPRO",HELPER_SUBJECTS!$T$4,"")))
A54: 2 | T54: =IF(OR(R54="",S54=""),"",IF(ISERROR(ROUND(AVERAGE(R54,S54),0)),"",ROUND(AVERAGE(R54,S54),0))) | U54: =IF(T54<>"",IF(T54<75,"FAILED","PASSED"),"") | AC54: =IF(B54="CORE",HELPER_SUBJECTS!$M$4,IF(B54="ACADEMIC",HELPER_SUBJECTS!$S$4,IF(B54="TECHPRO",HELPER_SUBJECTS!$T$4,"")))
A55: 3 | T55: =IF(OR(R55="",S55=""),"",IF(ISERROR(ROUND(AVERAGE(R55,S55),0)),"",ROUND(AVERAGE(R55,S55),0))) | U55: =IF(T55<>"",IF(T55<75,"FAILED","PASSED"),"") | AC55: =IF(B55="CORE",HELPER_SUBJECTS!$M$4,IF(B55="ACADEMIC",HELPER_SUBJECTS!$S$4,IF(B55="TECHPRO",HELPER_SUBJECTS!$T$4,"")))
A56: 4 | T56: =IF(OR(R56="",S56=""),"",IF(ISERROR(ROUND(AVERAGE(R56,S56),0)),"",ROUND(AVERAGE(R56,S56),0))) | U56: =IF(T56<>"",IF(T56<75,"FAILED","PASSED"),"") | AC56: =IF(B56="CORE",HELPER_SUBJECTS!$M$4,IF(B56="ACADEMIC",HELPER_SUBJECTS!$S$4,IF(B56="TECHPRO",HELPER_SUBJECTS!$T$4,"")))
AC57: =IF(B57="CORE",HELPER_SUBJECTS!$M$4,IF(B57="ACADEMIC",HELPER_SUBJECTS!$S$4,IF(B57="TECHPRO",HELPER_SUBJECTS!$T$4,"")))
A58: Name of Teacher/Adviser: | D58: NAME | S58: Signature:
A61: SCHOOL: | M61: SCHOOL ID: | R61: GRADE LEVEL: | S61: 11 | V61: SECTION: | AA61: SECOND SEMESTER / SECOND SEMESTER / SECOND SEMESTER / SECOND SEMESTER / SECOND SEM
A62: TRACK: | R62: SCHOOL YEAR: | V62: SEM: | W62: SECOND
A64: TRACK | D64: SUBJECTS | R64: QUARTERLY GRADE | T64: 2ND SEMESTRAL GRADE | W64: REMARK
T65: GEN. AVE. | U65: ACTION TAKEN
A66: Core/Academic/TechPro | D66: Specific core or elective subject | R66: Q3 | S66: Q4 | W66: Final Grade Computation
A67: 1 | B67: CORE | D67: Effective Communication & Mabisang Komunikasyon | R67: =IF(AND(R68>0,R69>0),ROUND(AVERAGE(R68:R69),),"") | S67: =IF(AND(S68>0,S69>0),ROUND(AVERAGE(S68:S69),),"") | W67: The General Average / Final Grade is the average of four (4) quarterly grades.
A68: 1A | B68: CORE | D68: Effective Communication
A69: 1B | B69: CORE | D69: Mabisang Komunikasyon
A70: 2 | B70: CORE | D70: General Mathematics
A71: 3 | B71: CORE | D71: General Science
A72: 4 | B72: CORE | D72: Life and Career Skills
A73: 5 | B73: CORE | D73: Pag-aaral ng Kasaysayan at Lipunang Pilipino | AD73: Listed | AE73: New | AF73: Quarters
A74: 6 | T74: =IF(AF74=2,IF(COUNTA(R74:S74)=2,ROUND(AVERAGE(R74:S74),0),""),"") | U74: =IF(T74<>"",IF(T74<75,"FAILED","PASSED"),"") | W74: =_xlfn.IFNA(_xlfn.XLOOKUP(AF74,HELPER_SUBJECTS!$I$13:$I$14,HELPER_SUBJECTS!$J$13:$J$14),"") | AC74: =IF(B74="ACADEMIC",HELPER_SUBJECTS!$S$4,IF(B74="TECHPRO",HELPER_SUBJECTS!$T$4,"")) | AD74: =_xlfn.IFNA(_xlfn.XLOOKUP(D74,HELPER_SUBJECTS!D:D,HELPER_SUBJECTS!F:F),0) -> 0 | AE74: =_xlfn.IFNA(IF(D74<>"",_xlfn.XLOOKUP(D74,ANNEX!$F$52:$F$61,ANNEX!$H$52:$H$61),0),0) -> 0 | AF74: =IF(AND(AD74>0,AE74=0),AD74,IF(AND(AE74>0,AD74=0),AE74,0)) -> 0
A75: 7 | T75: =IF(AF75=2,IF(COUNTA(R75:S75)=2,ROUND(AVERAGE(R75:S75),0),""),"") | U75: =IF(T75<>"",IF(T75<75,"FAILED","PASSED"),"") | W75: =_xlfn.IFNA(_xlfn.XLOOKUP(AD75,HELPER_SUBJECTS!$I$13:$I$14,HELPER_SUBJECTS!$J$13:$J$14),"") | AC75: =IF(B75="ACADEMIC",HELPER_SUBJECTS!$S$4,IF(B75="TECHPRO",HELPER_SUBJECTS!$T$4,"")) | AD75: =_xlfn.IFNA(_xlfn.XLOOKUP(D75,HELPER_SUBJECTS!D:D,HELPER_SUBJECTS!F:F),0) -> 0 | AE75: =_xlfn.IFNA(IF(D75<>"",_xlfn.XLOOKUP(D75,ANNEX!$F$52:$F$61,ANNEX!$H$52:$H$61),0),0) -> 0 | AF75: =IF(AND(AD75>0,AE75=0),AD75,IF(AND(AE75>0,AD75=0),AE75,0)) -> 0
A76: 8 | T76: =IF(AF76=2,IF(COUNTA(R76:S76)=2,ROUND(AVERAGE(R76:S76),0),""),"") | U76: =IF(T76<>"",IF(T76<75,"FAILED","PASSED"),"") | W76: =_xlfn.IFNA(_xlfn.XLOOKUP(AD76,HELPER_SUBJECTS!$I$13:$I$14,HELPER_SUBJECTS!$J$13:$J$14),"") | AC76: =IF(B76="ACADEMIC",HELPER_SUBJECTS!$S$4,IF(B76="TECHPRO",HELPER_SUBJECTS!$T$4,"")) | AD76: =_xlfn.IFNA(_xlfn.XLOOKUP(D76,HELPER_SUBJECTS!D:D,HELPER_SUBJECTS!F:F),0) -> 0 | AE76: =_xlfn.IFNA(IF(D76<>"",_xlfn.XLOOKUP(D76,ANNEX!$F$52:$F$61,ANNEX!$H$52:$H$61),0),0) -> 0 | AF76: =IF(AND(AD76>0,AE76=0),AD76,IF(AND(AE76>0,AD76=0),AE76,0)) -> 0
A77: 9 | T77: =IF(AF77=2,IF(COUNTA(R77:S77)=2,ROUND(AVERAGE(R77:S77),0),""),"") | U77: =IF(T77<>"",IF(T77<75,"FAILED","PASSED"),"") | W77: =_xlfn.IFNA(_xlfn.XLOOKUP(AD77,HELPER_SUBJECTS!$I$13:$I$14,HELPER_SUBJECTS!$J$13:$J$14),"") | AC77: =IF(B77="ACADEMIC",HELPER_SUBJECTS!$S$4,IF(B77="TECHPRO",HELPER_SUBJECTS!$T$4,"")) | AD77: =_xlfn.IFNA(_xlfn.XLOOKUP(D77,HELPER_SUBJECTS!D:D,HELPER_SUBJECTS!F:F),0) -> 0 | AE77: =_xlfn.IFNA(IF(D77<>"",_xlfn.XLOOKUP(D77,ANNEX!$F$52:$F$61,ANNEX!$H$52:$H$61),0),0) -> 0 | AF77: =IF(AND(AD77>0,AE77=0),AD77,IF(AND(AE77>0,AD77=0),AE77,0)) -> 0
A78: 10 | T78: =IF(AF78=2,IF(COUNTA(R78:S78)=2,ROUND(AVERAGE(R78:S78),0),""),"") | U78: =IF(T78<>"",IF(T78<75,"FAILED","PASSED"),"") | W78: =_xlfn.IFNA(_xlfn.XLOOKUP(AD78,HELPER_SUBJECTS!$I$13:$I$14,HELPER_SUBJECTS!$J$13:$J$14),"") | AC78: =IF(B78="ACADEMIC",HELPER_SUBJECTS!$S$4,IF(B78="TECHPRO",HELPER_SUBJECTS!$T$4,"")) | AD78: =_xlfn.IFNA(_xlfn.XLOOKUP(D78,HELPER_SUBJECTS!D:D,HELPER_SUBJECTS!F:F),0) -> 0 | AE78: =_xlfn.IFNA(IF(D78<>"",_xlfn.XLOOKUP(D78,ANNEX!$F$52:$F$61,ANNEX!$H$52:$H$61),0),0) -> 0 | AF78: =IF(AND(AD78>0,AE78=0),AD78,IF(AND(AE78>0,AD78=0),AE78,0)) -> 0
A79: 11 | T79: =IF(AF79=2,IF(COUNTA(R79:S79)=2,ROUND(AVERAGE(R79:S79),0),""),"") | U79: =IF(T79<>"",IF(T79<75,"FAILED","PASSED"),"") | W79: =_xlfn.IFNA(_xlfn.XLOOKUP(AD79,HELPER_SUBJECTS!$I$13:$I$14,HELPER_SUBJECTS!$J$13:$J$14),"") | AC79: =IF(B79="ACADEMIC",HELPER_SUBJECTS!$S$4,IF(B79="TECHPRO",HELPER_SUBJECTS!$T$4,"")) | AD79: =_xlfn.IFNA(_xlfn.XLOOKUP(D79,HELPER_SUBJECTS!D:D,HELPER_SUBJECTS!F:F),0) -> 0 | AE79: =_xlfn.IFNA(IF(D79<>"",_xlfn.XLOOKUP(D79,ANNEX!$F$52:$F$61,ANNEX!$H$52:$H$61),0),0) -> 0 | AF79: =IF(AND(AD79>0,AE79=0),AD79,IF(AND(AE79>0,AD79=0),AE79,0)) -> 0
A80: 12 | T80: =IF(AF80=2,IF(COUNTA(R80:S80)=2,ROUND(AVERAGE(R80:S80),0),""),"") | U80: =IF(T80<>"",IF(T80<75,"FAILED","PASSED"),"") | W80: =_xlfn.IFNA(_xlfn.XLOOKUP(AD80,HELPER_SUBJECTS!$I$13:$I$14,HELPER_SUBJECTS!$J$13:$J$14),"") | AC80: =IF(B80="ACADEMIC",HELPER_SUBJECTS!$S$4,IF(B80="TECHPRO",HELPER_SUBJECTS!$T$4,"")) | AD80: =_xlfn.IFNA(_xlfn.XLOOKUP(D80,HELPER_SUBJECTS!D:D,HELPER_SUBJECTS!F:F),0) -> 0 | AE80: =_xlfn.IFNA(IF(D80<>"",_xlfn.XLOOKUP(D80,ANNEX!$F$52:$F$61,ANNEX!$H$52:$H$61),0),0) -> 0 | AF80: =IF(AND(AD80>0,AE80=0),AD80,IF(AND(AE80>0,AD80=0),AE80,0)) -> 0
A82: Remarks:
A84: Prepared by: | L84: Certified True and Correct: | W84: Date Checked:
A86: Signature of Adviser over Printed Name | L86: Signature of Authorized Person over Printed Name, Designation | W86: MM / DD / YYYY
A88: REMEDIATION CLASS | G88: Conducted from: | K88: to | P88: School: | W88: School ID:
H89: MM / DD / YYYY | L89: MM / DD / YYYY
A90: TRACK | D90: SUBJECTS | R90: Failed Final Gr. | S90: Remedial Mark | T90: Recomputed | U90: ACTION TAKEN | W90: REMARK
A91: Core/Academic/TechPro | D91: Specific core or elective subject
A92: 1 | T92: =IF(OR(R92="",S92=""),"",IF(ISERROR(ROUND(AVERAGE(R92,S92),0)),"",ROUND(AVERAGE(R92,S92),0))) | U92: =IF(T92<>"",IF(T92<75,"FAILED","PASSED"),"") | AC92: =IF(B92="CORE",HELPER_SUBJECTS!$M$4,IF(B92="ACADEMIC",HELPER_SUBJECTS!$S$4,IF(B92="TECHPRO",HELPER_SUBJECTS!$T$4,"")))
A93: 2 | T93: =IF(OR(R93="",S93=""),"",IF(ISERROR(ROUND(AVERAGE(R93,S93),0)),"",ROUND(AVERAGE(R93,S93),0))) | U93: =IF(T93<>"",IF(T93<75,"FAILED","PASSED"),"") | AC93: =IF(B93="CORE",HELPER_SUBJECTS!$M$4,IF(B93="ACADEMIC",HELPER_SUBJECTS!$S$4,IF(B93="TECHPRO",HELPER_SUBJECTS!$T$4,"")))
A94: 3 | T94: =IF(OR(R94="",S94=""),"",IF(ISERROR(ROUND(AVERAGE(R94,S94),0)),"",ROUND(AVERAGE(R94,S94),0))) | U94: =IF(T94<>"",IF(T94<75,"FAILED","PASSED"),"") | AC94: =IF(B94="CORE",HELPER_SUBJECTS!$M$4,IF(B94="ACADEMIC",HELPER_SUBJECTS!$S$4,IF(B94="TECHPRO",HELPER_SUBJECTS!$T$4,"")))
A95: 4 | T95: =IF(OR(R95="",S95=""),"",IF(ISERROR(ROUND(AVERAGE(R95,S95),0)),"",ROUND(AVERAGE(R95,S95),0))) | U95: =IF(T95<>"",IF(T95<75,"FAILED","PASSED"),"") | AC95: =IF(B95="CORE",HELPER_SUBJECTS!$M$4,IF(B95="ACADEMIC",HELPER_SUBJECTS!$S$4,IF(B95="TECHPRO",HELPER_SUBJECTS!$T$4,"")))
A97: Name of Teacher/Adviser: | D97: NAME | S97: Signature:
A100: SUMMARY OF FINAL GRADES FOR GRADE 11
A101: TRACK | D101: SUBJECTS | Q101: QUARTERLY GRADE | U101: REMEDIAL | W101: FINAL GRADE
Q102: Q1 | R102: Q2 | S102: Q3 | T102: Q4 | U102: Recomputed | W102: GEN. AVE. | X102: ACTION TAKEN
A103: Core/Academic/TechPro | D103: Specific core or elective subject | U103: Sem. 1 | V103: Sem. 2 | AD103: Listed | AE103: New | AF103: Quarters
A104: 1 | B104: CORE | D104: Effective Communication & Mabisang Komunikasyon | Q104: =IF(AND(Q105<>"",Q106<>""),ROUND(AVERAGE(Q105:Q106),0),"") | R104: =IF(AND(R105<>"",R106<>""),ROUND(AVERAGE(R105:R106),0),"") | S104: =IF(AND(S105<>"",S106<>""),ROUND(AVERAGE(S105:S106),0),"") | T104: =IF(AND(T105<>"",T106<>""),ROUND(AVERAGE(T105:T106),0),"") | U104: =IF($D104<>"",IFERROR(_xlfn.XLOOKUP($D104,$D$53:$D$56,$T$53:$T$56),""),"") | V104: =IF($D104<>"",IFERROR(_xlfn.XLOOKUP($D104,$D$92:$D$95,$T$92:$T$95),""),"") | W104: =IFERROR(IF(COUNT(U104:V104)>0,ROUND( (SUM(Q104:V104) - SUMIF(Q104:T104,"<75",Q104:T104)) / COUNTIF(Q104:V104, ">=75"), 0 ), IF(COUNT(Q104:T104)=AF104,ROUND(AVERAGE(Q104:T104),0),"")),"") | X104: =IF(AND(W104>0,W104<>""),IF(W104<75,"FAILED","PASSED"),"") | AD104: 4 | AE104: =_xlfn.IFNA(IF(D104<>"",_xlfn.XLOOKUP(D104,ANNEX!$F$52:$F$61,ANNEX!$H$52:$H$61),0),0) -> 0 | AF104: =IF(AND(AD104>0,AE104=0),AD104,IF(AND(AE104>0,AD104=0),AE104,0)) -> 4
A105: 1A | B105: CORE | D105: Effective Communication | Q105: =IF(R29="","",R29) | R105: =IF(S29="","",S29) | S105: =IF(R68="","",R68) | T105: =IF(S68="","",S68) | U105: =IF($D105<>"",IFERROR(_xlfn.XLOOKUP($D105,$D$53:$D$56,$T$53:$T$56),""),"") | V105: =IF($D105<>"",IFERROR(_xlfn.XLOOKUP($D105,$D$92:$D$95,$T$92:$T$95),""),"") | W105: =IFERROR(IF(COUNT(U105:V105)>0,ROUND( (SUM(Q105:V105) - SUMIF(Q105:T105,"<75",Q105:T105)) / COUNTIF(Q105:V105, ">=75"), 0 ), IF(COUNT(Q105:T105)=AF105,ROUND(AVERAGE(Q105:T105),0),"")),"") | X105: =IF(AND(W105>0,W105<>""),IF(W105<75,"FAILED","PASSED"),"") | AD105: 4 | AE105: =_xlfn.IFNA(IF(D105<>"",_xlfn.XLOOKUP(D105,ANNEX!$F$52:$F$61,ANNEX!$H$52:$H$61),0),0) -> 0 | AF105: =IF(AND(AD105>0,AE105=0),AD105,IF(AND(AE105>0,AD105=0),AE105,0)) -> 4
A106: 1B | B106: CORE | D106: Mabisang Komunikasyon | Q106: =IF(R30="","",R30) | R106: =IF(S30="","",S30) | S106: =IF(R69="","",R69) | T106: =IF(S69="","",S69) | U106: =IF($D106<>"",IFERROR(_xlfn.XLOOKUP($D106,$D$53:$D$56,$T$53:$T$56),""),"") | V106: =IF($D106<>"",IFERROR(_xlfn.XLOOKUP($D106,$D$92:$D$95,$T$92:$T$95),""),"") | W106: =IFERROR(IF(COUNT(U106:V106)>0,ROUND( (SUM(Q106:V106) - SUMIF(Q106:T106,"<75",Q106:T106)) / COUNTIF(Q106:V106, ">=75"), 0 ), IF(COUNT(Q106:T106)=AF106,ROUND(AVERAGE(Q106:T106),0),"")),"") | X106: =IF(AND(W106>0,W106<>""),IF(W106<75,"FAILED","PASSED"),"") | AD106: 4 | AE106: =_xlfn.IFNA(IF(D106<>"",_xlfn.XLOOKUP(D106,ANNEX!$F$52:$F$61,ANNEX!$H$52:$H$61),0),0) -> 0 | AF106: =IF(AND(AD106>0,AE106=0),AD106,IF(AND(AE106>0,AD106=0),AE106,0)) -> 4
A107: 2 | B107: CORE | D107: General Mathematics | Q107: =IF(R31="","",R31) | R107: =IF(S31="","",S31) | S107: =IF(R70="","",R70) | T107: =IF(S70="","",S70) | U107: =IF($D107<>"",IFERROR(_xlfn.XLOOKUP($D107,$D$53:$D$56,$T$53:$T$56),""),"") | V107: =IF($D107<>"",IFERROR(_xlfn.XLOOKUP($D107,$D$92:$D$95,$T$92:$T$95),""),"") | W107: =IFERROR(IF(COUNT(U107:V107)>0,ROUND( (SUM(Q107:V107) - SUMIF(Q107:T107,"<75",Q107:T107)) / COUNTIF(Q107:V107, ">=75"), 0 ), IF(COUNT(Q107:T107)=AF107,ROUND(AVERAGE(Q107:T107),0),"")),"") | X107: =IF(AND(W107>0,W107<>""),IF(W107<75,"FAILED","PASSED"),"") | AD107: 4 | AE107: =_xlfn.IFNA(IF(D107<>"",_xlfn.XLOOKUP(D107,ANNEX!$F$52:$F$61,ANNEX!$H$52:$H$61),0),0) -> 0 | AF107: =IF(AND(AD107>0,AE107=0),AD107,IF(AND(AE107>0,AD107=0),AE107,0)) -> 4
A108: 3 | B108: CORE | D108: General Science | Q108: =IF(R32="","",R32) | R108: =IF(S32="","",S32) | S108: =IF(R71="","",R71) | T108: =IF(S71="","",S71) | U108: =IF($D108<>"",IFERROR(_xlfn.XLOOKUP($D108,$D$53:$D$56,$T$53:$T$56),""),"") | V108: =IF($D108<>"",IFERROR(_xlfn.XLOOKUP($D108,$D$92:$D$95,$T$92:$T$95),""),"") | W108: =IFERROR(IF(COUNT(U108:V108)>0,ROUND( (SUM(Q108:V108) - SUMIF(Q108:T108,"<75",Q108:T108)) / COUNTIF(Q108:V108, ">=75"), 0 ), IF(COUNT(Q108:T108)=AF108,ROUND(AVERAGE(Q108:T108),0),"")),"") | X108: =IF(AND(W108>0,W108<>""),IF(W108<75,"FAILED","PASSED"),"") | AD108: 4 | AE108: =_xlfn.IFNA(IF(D108<>"",_xlfn.XLOOKUP(D108,ANNEX!$F$52:$F$61,ANNEX!$H$52:$H$61),0),0) -> 0 | AF108: =IF(AND(AD108>0,AE108=0),AD108,IF(AND(AE108>0,AD108=0),AE108,0)) -> 4
A109: 4 | B109: CORE | D109: Life and Career Skills | Q109: =IF(R33="","",R33) | R109: =IF(S33="","",S33) | S109: =IF(R72="","",R72) | T109: =IF(S72="","",S72) | U109: =IF($D109<>"",IFERROR(_xlfn.XLOOKUP($D109,$D$53:$D$56,$T$53:$T$56),""),"") | V109: =IF($D109<>"",IFERROR(_xlfn.XLOOKUP($D109,$D$92:$D$95,$T$92:$T$95),""),"") | W109: =IFERROR(IF(COUNT(U109:V109)>0,ROUND( (SUM(Q109:V109) - SUMIF(Q109:T109,"<75",Q109:T109)) / COUNTIF(Q109:V109, ">=75"), 0 ), IF(COUNT(Q109:T109)=AF109,ROUND(AVERAGE(Q109:T109),0),"")),"") | X109: =IF(AND(W109>0,W109<>""),IF(W109<75,"FAILED","PASSED"),"") | AD109: 4 | AE109: =_xlfn.IFNA(IF(D109<>"",_xlfn.XLOOKUP(D109,ANNEX!$F$52:$F$61,ANNEX!$H$52:$H$61),0),0) -> 0 | AF109: =IF(AND(AD109>0,AE109=0),AD109,IF(AND(AE109>0,AD109=0),AE109,0)) -> 4
A110: 5 | B110: CORE | D110: Pag-aaral ng Kasaysayan at Lipunang Pilipino | Q110: =IF(R34="","",R34) | R110: =IF(S34="","",S34) | S110: =IF(R73="","",R73) | T110: =IF(S73="","",S73) | U110: =IF($D110<>"",IFERROR(_xlfn.XLOOKUP($D110,$D$53:$D$56,$T$53:$T$56),""),"") | V110: =IF($D110<>"",IFERROR(_xlfn.XLOOKUP($D110,$D$92:$D$95,$T$92:$T$95),""),"") | W110: =IFERROR(IF(COUNT(U110:V110)>0,ROUND( (SUM(Q110:V110) - SUMIF(Q110:T110,"<75",Q110:T110)) / COUNTIF(Q110:V110, ">=75"), 0 ), IF(COUNT(Q110:T110)=AF110,ROUND(AVERAGE(Q110:T110),0),"")),"") | X110: =IF(AND(W110>0,W110<>""),IF(W110<75,"FAILED","PASSED"),"") | AD110: 4 | AE110: =_xlfn.IFNA(IF(D110<>"",_xlfn.XLOOKUP(D110,ANNEX!$F$52:$F$61,ANNEX!$H$52:$H$61),0),0) -> 0 | AF110: =IF(AND(AD110>0,AE110=0),AD110,IF(AND(AE110>0,AD110=0),AE110,0)) -> 4
A111: 6 | B111: =IF(D111<>"",_xlfn.XLOOKUP(D111,FRONT!$D$35:$D$80,FRONT!$B$35:$B$80),"") | D111: {=IFERROR(_xlfn.UNIQUE(_xlfn._xlws.FILTER(_xlfn.VSTACK(D35:D41,D74:D80),_xlfn.VSTACK(D35:D41,D74:D80)<>"")),"")} | Q111: =IF($D111<>"",IFERROR(IF(_xlfn.XLOOKUP($D111,$D$35:$D$41,R$35:R$41)>0,_xlfn.XLOOKUP($D111,$D$35:$D$41,R$35:R$41),""),""),"") | R111: =IF($D111<>"",IFERROR(IF(_xlfn.XLOOKUP($D111,$D$35:$D$41,S$35:S$41)>0,_xlfn.XLOOKUP($D111,$D$35:$D$41,S$35:S$41),""),""),"") | S111: =IF($D111<>"",IFERROR(IF(_xlfn.XLOOKUP($D111,$D$74:$D$80,R$74:R$80)>0,_xlfn.XLOOKUP($D111,$D$74:$D$80,R$74:R$80),""),""),"") | T111: =IF($D111<>"",IFERROR(IF(_xlfn.XLOOKUP($D111,$D$74:$D$80,S$74:S$80)>0,_xlfn.XLOOKUP($D111,$D$74:$D$80,S$74:S$80),""),""),"") | U111: =IF($D111<>"",IFERROR(_xlfn.XLOOKUP($D111,$D$53:$D$56,$T$53:$T$56),""),"") | V111: =IF($D111<>"",IFERROR(_xlfn.XLOOKUP($D111,$D$92:$D$95,$T$92:$T$95),""),"") | W111: =IFERROR(IF(COUNT(U111:V111)>0,ROUND( (SUM(Q111:V111) - SUMIF(Q111:T111,"<75",Q111:T111)) / COUNTIF(Q111:V111, ">=75"), 0 ), IF(COUNT(Q111:T111)=AF111,ROUND(AVERAGE(Q111:T111),0),"")),"") | X111: =IF(AND(W111>0,W111<>""),IF(W111<75,"FAILED","PASSED"),"") | AD111: =_xlfn.IFNA(_xlfn.XLOOKUP(D111,HELPER_SUBJECTS!D:D,HELPER_SUBJECTS!F:F),0) -> 0 | AE111: =_xlfn.IFNA(IF(D111<>"",_xlfn.XLOOKUP(D111,ANNEX!$F$52:$F$61,ANNEX!$H$52:$H$61),0),0) -> 0 | AF111: =IF(AND(AD111>0,AE111=0),AD111,IF(AND(AE111>0,AD111=0),AE111,0)) -> 0
A112: 7 | B112: =IF(D112<>"",_xlfn.XLOOKUP(D112,FRONT!$D$35:$D$80,FRONT!$B$35:$B$80),"") | Q112: =IF($D112<>"",IFERROR(IF(_xlfn.XLOOKUP($D112,$D$35:$D$41,R$35:R$41)>0,_xlfn.XLOOKUP($D112,$D$35:$D$41,R$35:R$41),""),""),"") | R112: =IF($D112<>"",IFERROR(IF(_xlfn.XLOOKUP($D112,$D$35:$D$41,S$35:S$41)>0,_xlfn.XLOOKUP($D112,$D$35:$D$41,S$35:S$41),""),""),"") | S112: =IF($D112<>"",IFERROR(IF(_xlfn.XLOOKUP($D112,$D$74:$D$80,R$74:R$80)>0,_xlfn.XLOOKUP($D112,$D$74:$D$80,R$74:R$80),""),""),"") | T112: =IF($D112<>"",IFERROR(IF(_xlfn.XLOOKUP($D112,$D$74:$D$80,S$74:S$80)>0,_xlfn.XLOOKUP($D112,$D$74:$D$80,S$74:S$80),""),""),"") | U112: =IF($D112<>"",IFERROR(_xlfn.XLOOKUP($D112,$D$53:$D$56,$T$53:$T$56),""),"") | V112: =IF($D112<>"",IFERROR(_xlfn.XLOOKUP($D112,$D$92:$D$95,$T$92:$T$95),""),"") | W112: =IFERROR(IF(COUNT(U112:V112)>0,ROUND( (SUM(Q112:V112) - SUMIF(Q112:T112,"<75",Q112:T112)) / COUNTIF(Q112:V112, ">=75"), 0 ), IF(COUNT(Q112:T112)=AF112,ROUND(AVERAGE(Q112:T112),0),"")),"") | X112: =IF(AND(W112>0,W112<>""),IF(W112<75,"FAILED","PASSED"),"") | AD112: =_xlfn.IFNA(_xlfn.XLOOKUP(D112,HELPER_SUBJECTS!D:D,HELPER_SUBJECTS!F:F),0) -> 0 | AE112: =_xlfn.IFNA(IF(D112<>"",_xlfn.XLOOKUP(D112,ANNEX!$F$52:$F$61,ANNEX!$H$52:$H$61),0),0) -> 0 | AF112: =IF(AND(AD112>0,AE112=0),AD112,IF(AND(AE112>0,AD112=0),AE112,0)) -> 0
A113: 8 | B113: =IF(D113<>"",_xlfn.XLOOKUP(D113,FRONT!$D$35:$D$80,FRONT!$B$35:$B$80),"") | Q113: =IF($D113<>"",IFERROR(IF(_xlfn.XLOOKUP($D113,$D$35:$D$41,R$35:R$41)>0,_xlfn.XLOOKUP($D113,$D$35:$D$41,R$35:R$41),""),""),"") | R113: =IF($D113<>"",IFERROR(IF(_xlfn.XLOOKUP($D113,$D$35:$D$41,S$35:S$41)>0,_xlfn.XLOOKUP($D113,$D$35:$D$41,S$35:S$41),""),""),"") | S113: =IF($D113<>"",IFERROR(IF(_xlfn.XLOOKUP($D113,$D$74:$D$80,R$74:R$80)>0,_xlfn.XLOOKUP($D113,$D$74:$D$80,R$74:R$80),""),""),"") | T113: =IF($D113<>"",IFERROR(IF(_xlfn.XLOOKUP($D113,$D$74:$D$80,S$74:S$80)>0,_xlfn.XLOOKUP($D113,$D$74:$D$80,S$74:S$80),""),""),"") | U113: =IF($D113<>"",IFERROR(_xlfn.XLOOKUP($D113,$D$53:$D$56,$T$53:$T$56),""),"") | V113: =IF($D113<>"",IFERROR(_xlfn.XLOOKUP($D113,$D$92:$D$95,$T$92:$T$95),""),"") | W113: =IFERROR(IF(COUNT(U113:V113)>0,ROUND( (SUM(Q113:V113) - SUMIF(Q113:T113,"<75",Q113:T113)) / COUNTIF(Q113:V113, ">=75"), 0 ), IF(COUNT(Q113:T113)=AF113,ROUND(AVERAGE(Q113:T113),0),"")),"") | X113: =IF(AND(W113>0,W113<>""),IF(W113<75,"FAILED","PASSED"),"") | AD113: =_xlfn.IFNA(_xlfn.XLOOKUP(D113,HELPER_SUBJECTS!D:D,HELPER_SUBJECTS!F:F),0) -> 0 | AE113: =_xlfn.IFNA(IF(D113<>"",_xlfn.XLOOKUP(D113,ANNEX!$F$52:$F$61,ANNEX!$H$52:$H$61),0),0) -> 0 | AF113: =IF(AND(AD113>0,AE113=0),AD113,IF(AND(AE113>0,AD113=0),AE113,0)) -> 0
A114: 9 | B114: =IF(D114<>"",_xlfn.XLOOKUP(D114,FRONT!$D$35:$D$80,FRONT!$B$35:$B$80),"") | Q114: =IF($D114<>"",IFERROR(IF(_xlfn.XLOOKUP($D114,$D$35:$D$41,R$35:R$41)>0,_xlfn.XLOOKUP($D114,$D$35:$D$41,R$35:R$41),""),""),"") | R114: =IF($D114<>"",IFERROR(IF(_xlfn.XLOOKUP($D114,$D$35:$D$41,S$35:S$41)>0,_xlfn.XLOOKUP($D114,$D$35:$D$41,S$35:S$41),""),""),"") | S114: =IF($D114<>"",IFERROR(IF(_xlfn.XLOOKUP($D114,$D$74:$D$80,R$74:R$80)>0,_xlfn.XLOOKUP($D114,$D$74:$D$80,R$74:R$80),""),""),"") | T114: =IF($D114<>"",IFERROR(IF(_xlfn.XLOOKUP($D114,$D$74:$D$80,S$74:S$80)>0,_xlfn.XLOOKUP($D114,$D$74:$D$80,S$74:S$80),""),""),"") | U114: =IF($D114<>"",IFERROR(_xlfn.XLOOKUP($D114,$D$53:$D$56,$T$53:$T$56),""),"") | V114: =IF($D114<>"",IFERROR(_xlfn.XLOOKUP($D114,$D$92:$D$95,$T$92:$T$95),""),"") | W114: =IFERROR(IF(COUNT(U114:V114)>0,ROUND( (SUM(Q114:V114) - SUMIF(Q114:T114,"<75",Q114:T114)) / COUNTIF(Q114:V114, ">=75"), 0 ), IF(COUNT(Q114:T114)=AF114,ROUND(AVERAGE(Q114:T114),0),"")),"") | X114: =IF(AND(W114>0,W114<>""),IF(W114<75,"FAILED","PASSED"),"") | AD114: =_xlfn.IFNA(_xlfn.XLOOKUP(D114,HELPER_SUBJECTS!D:D,HELPER_SUBJECTS!F:F),0) -> 0 | AE114: =_xlfn.IFNA(IF(D114<>"",_xlfn.XLOOKUP(D114,ANNEX!$F$52:$F$61,ANNEX!$H$52:$H$61),0),0) -> 0 | AF114: =IF(AND(AD114>0,AE114=0),AD114,IF(AND(AE114>0,AD114=0),AE114,0)) -> 0
A115: 10 | B115: =IF(D115<>"",_xlfn.XLOOKUP(D115,FRONT!$D$35:$D$80,FRONT!$B$35:$B$80),"") | Q115: =IF($D115<>"",IFERROR(IF(_xlfn.XLOOKUP($D115,$D$35:$D$41,R$35:R$41)>0,_xlfn.XLOOKUP($D115,$D$35:$D$41,R$35:R$41),""),""),"") | R115: =IF($D115<>"",IFERROR(IF(_xlfn.XLOOKUP($D115,$D$35:$D$41,S$35:S$41)>0,_xlfn.XLOOKUP($D115,$D$35:$D$41,S$35:S$41),""),""),"") | S115: =IF($D115<>"",IFERROR(IF(_xlfn.XLOOKUP($D115,$D$74:$D$80,R$74:R$80)>0,_xlfn.XLOOKUP($D115,$D$74:$D$80,R$74:R$80),""),""),"") | T115: =IF($D115<>"",IFERROR(IF(_xlfn.XLOOKUP($D115,$D$74:$D$80,S$74:S$80)>0,_xlfn.XLOOKUP($D115,$D$74:$D$80,S$74:S$80),""),""),"") | U115: =IF($D115<>"",IFERROR(_xlfn.XLOOKUP($D115,$D$53:$D$56,$T$53:$T$56),""),"") | V115: =IF($D115<>"",IFERROR(_xlfn.XLOOKUP($D115,$D$92:$D$95,$T$92:$T$95),""),"") | W115: =IFERROR(IF(COUNT(U115:V115)>0,ROUND( (SUM(Q115:V115) - SUMIF(Q115:T115,"<75",Q115:T115)) / COUNTIF(Q115:V115, ">=75"), 0 ), IF(COUNT(Q115:T115)=AF115,ROUND(AVERAGE(Q115:T115),0),"")),"") | X115: =IF(AND(W115>0,W115<>""),IF(W115<75,"FAILED","PASSED"),"") | AD115: =_xlfn.IFNA(_xlfn.XLOOKUP(D115,HELPER_SUBJECTS!D:D,HELPER_SUBJECTS!F:F),0) -> 0 | AE115: =_xlfn.IFNA(IF(D115<>"",_xlfn.XLOOKUP(D115,ANNEX!$F$52:$F$61,ANNEX!$H$52:$H$61),0),0) -> 0 | AF115: =IF(AND(AD115>0,AE115=0),AD115,IF(AND(AE115>0,AD115=0),AE115,0)) -> 0
A116: 11 | B116: =IF(D116<>"",_xlfn.XLOOKUP(D116,FRONT!$D$35:$D$80,FRONT!$B$35:$B$80),"") | Q116: =IF($D116<>"",IFERROR(IF(_xlfn.XLOOKUP($D116,$D$35:$D$41,R$35:R$41)>0,_xlfn.XLOOKUP($D116,$D$35:$D$41,R$35:R$41),""),""),"") | R116: =IF($D116<>"",IFERROR(IF(_xlfn.XLOOKUP($D116,$D$35:$D$41,S$35:S$41)>0,_xlfn.XLOOKUP($D116,$D$35:$D$41,S$35:S$41),""),""),"") | S116: =IF($D116<>"",IFERROR(IF(_xlfn.XLOOKUP($D116,$D$74:$D$80,R$74:R$80)>0,_xlfn.XLOOKUP($D116,$D$74:$D$80,R$74:R$80),""),""),"") | T116: =IF($D116<>"",IFERROR(IF(_xlfn.XLOOKUP($D116,$D$74:$D$80,S$74:S$80)>0,_xlfn.XLOOKUP($D116,$D$74:$D$80,S$74:S$80),""),""),"") | U116: =IF($D116<>"",IFERROR(_xlfn.XLOOKUP($D116,$D$53:$D$56,$T$53:$T$56),""),"") | V116: =IF($D116<>"",IFERROR(_xlfn.XLOOKUP($D116,$D$92:$D$95,$T$92:$T$95),""),"") | W116: =IFERROR(IF(COUNT(U116:V116)>0,ROUND( (SUM(Q116:V116) - SUMIF(Q116:T116,"<75",Q116:T116)) / COUNTIF(Q116:V116, ">=75"), 0 ), IF(COUNT(Q116:T116)=AF116,ROUND(AVERAGE(Q116:T116),0),"")),"") | X116: =IF(AND(W116>0,W116<>""),IF(W116<75,"FAILED","PASSED"),"") | AD116: =_xlfn.IFNA(_xlfn.XLOOKUP(D116,HELPER_SUBJECTS!D:D,HELPER_SUBJECTS!F:F),0) -> 0 | AE116: =_xlfn.IFNA(IF(D116<>"",_xlfn.XLOOKUP(D116,ANNEX!$F$52:$F$61,ANNEX!$H$52:$H$61),0),0) -> 0 | AF116: =IF(AND(AD116>0,AE116=0),AD116,IF(AND(AE116>0,AD116=0),AE116,0)) -> 0
A117: 12 | B117: =IF(D117<>"",_xlfn.XLOOKUP(D117,FRONT!$D$35:$D$80,FRONT!$B$35:$B$80),"") | Q117: =IF($D117<>"",IFERROR(IF(_xlfn.XLOOKUP($D117,$D$35:$D$41,R$35:R$41)>0,_xlfn.XLOOKUP($D117,$D$35:$D$41,R$35:R$41),""),""),"") | R117: =IF($D117<>"",IFERROR(IF(_xlfn.XLOOKUP($D117,$D$35:$D$41,S$35:S$41)>0,_xlfn.XLOOKUP($D117,$D$35:$D$41,S$35:S$41),""),""),"") | S117: =IF($D117<>"",IFERROR(IF(_xlfn.XLOOKUP($D117,$D$74:$D$80,R$74:R$80)>0,_xlfn.XLOOKUP($D117,$D$74:$D$80,R$74:R$80),""),""),"") | T117: =IF($D117<>"",IFERROR(IF(_xlfn.XLOOKUP($D117,$D$74:$D$80,S$74:S$80)>0,_xlfn.XLOOKUP($D117,$D$74:$D$80,S$74:S$80),""),""),"") | U117: =IF($D117<>"",IFERROR(_xlfn.XLOOKUP($D117,$D$53:$D$56,$T$53:$T$56),""),"") | V117: =IF($D117<>"",IFERROR(_xlfn.XLOOKUP($D117,$D$92:$D$95,$T$92:$T$95),""),"") | W117: =IFERROR(IF(COUNT(U117:V117)>0,ROUND( (SUM(Q117:V117) - SUMIF(Q117:T117,"<75",Q117:T117)) / COUNTIF(Q117:V117, ">=75"), 0 ), IF(COUNT(Q117:T117)=AF117,ROUND(AVERAGE(Q117:T117),0),"")),"") | X117: =IF(AND(W117>0,W117<>""),IF(W117<75,"FAILED","PASSED"),"") | AD117: =_xlfn.IFNA(_xlfn.XLOOKUP(D117,HELPER_SUBJECTS!D:D,HELPER_SUBJECTS!F:F),0) -> 0 | AE117: =_xlfn.IFNA(IF(D117<>"",_xlfn.XLOOKUP(D117,ANNEX!$F$52:$F$61,ANNEX!$H$52:$H$61),0),0) -> 0 | AF117: =IF(AND(AD117>0,AE117=0),AD117,IF(AND(AE117>0,AD117=0),AE117,0)) -> 0
A118: 13 | B118: =IF(D118<>"",_xlfn.XLOOKUP(D118,FRONT!$D$35:$D$80,FRONT!$B$35:$B$80),"") | Q118: =IF($D118<>"",IFERROR(IF(_xlfn.XLOOKUP($D118,$D$35:$D$41,R$35:R$41)>0,_xlfn.XLOOKUP($D118,$D$35:$D$41,R$35:R$41),""),""),"") | R118: =IF($D118<>"",IFERROR(IF(_xlfn.XLOOKUP($D118,$D$35:$D$41,S$35:S$41)>0,_xlfn.XLOOKUP($D118,$D$35:$D$41,S$35:S$41),""),""),"") | S118: =IF($D118<>"",IFERROR(IF(_xlfn.XLOOKUP($D118,$D$74:$D$80,R$74:R$80)>0,_xlfn.XLOOKUP($D118,$D$74:$D$80,R$74:R$80),""),""),"") | T118: =IF($D118<>"",IFERROR(IF(_xlfn.XLOOKUP($D118,$D$74:$D$80,S$74:S$80)>0,_xlfn.XLOOKUP($D118,$D$74:$D$80,S$74:S$80),""),""),"") | U118: =IF($D118<>"",IFERROR(_xlfn.XLOOKUP($D118,$D$53:$D$56,$T$53:$T$56),""),"") | V118: =IF($D118<>"",IFERROR(_xlfn.XLOOKUP($D118,$D$92:$D$95,$T$92:$T$95),""),"") | W118: =IFERROR(IF(COUNT(U118:V118)>0,ROUND( (SUM(Q118:V118) - SUMIF(Q118:T118,"<75",Q118:T118)) / COUNTIF(Q118:V118, ">=75"), 0 ), IF(COUNT(Q118:T118)=AF118,ROUND(AVERAGE(Q118:T118),0),"")),"") | X118: =IF(AND(W118>0,W118<>""),IF(W118<75,"FAILED","PASSED"),"") | AD118: =_xlfn.IFNA(_xlfn.XLOOKUP(D118,HELPER_SUBJECTS!D:D,HELPER_SUBJECTS!F:F),0) -> 0 | AE118: =_xlfn.IFNA(IF(D118<>"",_xlfn.XLOOKUP(D118,ANNEX!$F$52:$F$61,ANNEX!$H$52:$H$61),0),0) -> 0 | AF118: =IF(AND(AD118>0,AE118=0),AD118,IF(AND(AE118>0,AD118=0),AE118,0)) -> 0
...

Sheet BACK
Y1: SF10 for SHS
A3: SCHOOL: | M3: SCHOOL ID: | R3: GRADE LEVEL: | S3: 12 | V3: SECTION: | AA3: FIRST SEMESTER / FIRST SEMESTER / FIRST SEMESTER / FIRST SEMESTER / FIRST SEMESTER
A4: TRACK: | R4: SCHOOL YEAR: | V4: SEM: | W4: FIRST
A6: TRACK | D6: SUBJECTS | R6: QUARTERLY GRADE | T6: 1ST SEMESTRAL GRADE | W6: REMARK
T7: GEN. AVE. | U7: ACTION TAKEN
A8: Academic/TechPro | D8: Specific core or elective subject | R8: Q1 | S8: Q2 | W8: Final Grade Computation | AC8: reference / subject list | AD8: Listed | AE8: New | AF8: Quarters
A9: 1 | T9: =IF(AF9=2,IF(COUNTA(R9:S9)=2,ROUND(AVERAGE(R9:S9),0),""),"") | U9: =IF(T9<>"",IF(T9<75,"FAILED","PASSED"),"") | W9: =_xlfn.IFNA(_xlfn.XLOOKUP(AF9,HELPER_SUBJECTS!$I$13:$I$14,HELPER_SUBJECTS!$J$13:$J$14),"") | AC9: =IF(B9="ACADEMIC",HELPER_SUBJECTS!$U$4,IF(B9="TECHPRO",HELPER_SUBJECTS!$V$4,"")) | AD9: =_xlfn.IFNA(_xlfn.XLOOKUP(D9,HELPER_SUBJECTS!D:D,HELPER_SUBJECTS!F:F),0) -> 0 | AE9: =_xlfn.IFNA(IF(D9<>"",_xlfn.XLOOKUP(D9,ANNEX!$F$52:$F$61,ANNEX!$H$52:$H$61),0),0) -> 0 | AF9: =IF(AND(AD9>0,AE9=0),AD9,IF(AND(AE9>0,AD9=0),AE9,0)) -> 0
A10: 2 | T10: =IF(AF10=2,IF(COUNTA(R10:S10)=2,ROUND(AVERAGE(R10:S10),0),""),"") | U10: =IF(T10<>"",IF(T10<75,"FAILED","PASSED"),"") | W10: =_xlfn.IFNA(_xlfn.XLOOKUP(AF10,HELPER_SUBJECTS!$I$13:$I$14,HELPER_SUBJECTS!$J$13:$J$14),"") | AC10: =IF(B10="ACADEMIC",HELPER_SUBJECTS!$U$4,IF(B10="TECHPRO",HELPER_SUBJECTS!$V$4,"")) | AD10: =_xlfn.IFNA(_xlfn.XLOOKUP(D10,HELPER_SUBJECTS!D:D,HELPER_SUBJECTS!F:F),0) -> 0 | AE10: =_xlfn.IFNA(IF(D10<>"",_xlfn.XLOOKUP(D10,ANNEX!$F$52:$F$61,ANNEX!$H$52:$H$61),0),0) -> 0 | AF10: =IF(AND(AD10>0,AE10=0),AD10,IF(AND(AE10>0,AD10=0),AE10,0)) -> 0
A11: 3 | T11: =IF(AF11=2,IF(COUNTA(R11:S11)=2,ROUND(AVERAGE(R11:S11),0),""),"") | U11: =IF(T11<>"",IF(T11<75,"FAILED","PASSED"),"") | W11: =_xlfn.IFNA(_xlfn.XLOOKUP(AF11,HELPER_SUBJECTS!$I$13:$I$14,HELPER_SUBJECTS!$J$13:$J$14),"") | AC11: =IF(B11="ACADEMIC",HELPER_SUBJECTS!$U$4,IF(B11="TECHPRO",HELPER_SUBJECTS!$V$4,"")) | AD11: =_xlfn.IFNA(_xlfn.XLOOKUP(D11,HELPER_SUBJECTS!D:D,HELPER_SUBJECTS!F:F),0) -> 0 | AE11: =_xlfn.IFNA(IF(D11<>"",_xlfn.XLOOKUP(D11,ANNEX!$F$52:$F$61,ANNEX!$H$52:$H$61),0),0) -> 0 | AF11: =IF(AND(AD11>0,AE11=0),AD11,IF(AND(AE11>0,AD11=0),AE11,0)) -> 0
A12: 4 | T12: =IF(AF12=2,IF(COUNTA(R12:S12)=2,ROUND(AVERAGE(R12:S12),0),""),"") | U12: =IF(T12<>"",IF(T12<75,"FAILED","PASSED"),"") | W12: =_xlfn.IFNA(_xlfn.XLOOKUP(AF12,HELPER_SUBJECTS!$I$13:$I$14,HELPER_SUBJECTS!$J$13:$J$14),"") | AC12: =IF(B12="ACADEMIC",HELPER_SUBJECTS!$U$4,IF(B12="TECHPRO",HELPER_SUBJECTS!$V$4,"")) | AD12: =_xlfn.IFNA(_xlfn.XLOOKUP(D12,HELPER_SUBJECTS!D:D,HELPER_SUBJECTS!F:F),0) -> 0 | AE12: =_xlfn.IFNA(IF(D12<>"",_xlfn.XLOOKUP(D12,ANNEX!$F$52:$F$61,ANNEX!$H$52:$H$61),0),0) -> 0 | AF12: =IF(AND(AD12>0,AE12=0),AD12,IF(AND(AE12>0,AD12=0),AE12,0)) -> 0
A13: 5 | T13: =IF(AF13=2,IF(COUNTA(R13:S13)=2,ROUND(AVERAGE(R13:S13),0),""),"") | U13: =IF(T13<>"",IF(T13<75,"FAILED","PASSED"),"") | W13: =_xlfn.IFNA(_xlfn.XLOOKUP(AF13,HELPER_SUBJECTS!$I$13:$I$14,HELPER_SUBJECTS!$J$13:$J$14),"") | AC13: =IF(B13="ACADEMIC",HELPER_SUBJECTS!$U$4,IF(B13="TECHPRO",HELPER_SUBJECTS!$V$4,"")) | AD13: =_xlfn.IFNA(_xlfn.XLOOKUP(D13,HELPER_SUBJECTS!D:D,HELPER_SUBJECTS!F:F),0) -> 0 | AE13: =_xlfn.IFNA(IF(D13<>"",_xlfn.XLOOKUP(D13,ANNEX!$F$52:$F$61,ANNEX!$H$52:$H$61),0),0) -> 0 | AF13: =IF(AND(AD13>0,AE13=0),AD13,IF(AND(AE13>0,AD13=0),AE13,0)) -> 0
A14: 6 | T14: =IF(AF14=2,IF(COUNTA(R14:S14)=2,ROUND(AVERAGE(R14:S14),0),""),"") | U14: =IF(T14<>"",IF(T14<75,"FAILED","PASSED"),"") | W14: =_xlfn.IFNA(_xlfn.XLOOKUP(AF14,HELPER_SUBJECTS!$I$13:$I$14,HELPER_SUBJECTS!$J$13:$J$14),"") | AC14: =IF(B14="ACADEMIC",HELPER_SUBJECTS!$U$4,IF(B14="TECHPRO",HELPER_SUBJECTS!$V$4,"")) | AD14: =_xlfn.IFNA(_xlfn.XLOOKUP(D14,HELPER_SUBJECTS!D:D,HELPER_SUBJECTS!F:F),0) -> 0 | AE14: =_xlfn.IFNA(IF(D14<>"",_xlfn.XLOOKUP(D14,ANNEX!$F$52:$F$61,ANNEX!$H$52:$H$61),0),0) -> 0 | AF14: =IF(AND(AD14>0,AE14=0),AD14,IF(AND(AE14>0,AD14=0),AE14,0)) -> 0
A15: 7 | T15: =IF(AF15=2,IF(COUNTA(R15:S15)=2,ROUND(AVERAGE(R15:S15),0),""),"") | U15: =IF(T15<>"",IF(T15<75,"FAILED","PASSED"),"") | W15: =_xlfn.IFNA(_xlfn.XLOOKUP(AF15,HELPER_SUBJECTS!$I$13:$I$14,HELPER_SUBJECTS!$J$13:$J$14),"") | AC15: =IF(B15="ACADEMIC",HELPER_SUBJECTS!$U$4,IF(B15="TECHPRO",HELPER_SUBJECTS!$V$4,"")) | AD15: =_xlfn.IFNA(_xlfn.XLOOKUP(D15,HELPER_SUBJECTS!D:D,HELPER_SUBJECTS!F:F),0) -> 0 | AE15: =_xlfn.IFNA(IF(D15<>"",_xlfn.XLOOKUP(D15,ANNEX!$F$52:$F$61,ANNEX!$H$52:$H$61),0),0) -> 0 | AF15: =IF(AND(AD15>0,AE15=0),AD15,IF(AND(AE15>0,AD15=0),AE15,0)) -> 0
A16: 8 | T16: =IF(AF16=2,IF(COUNTA(R16:S16)=2,ROUND(AVERAGE(R16:S16),0),""),"") | U16: =IF(T16<>"",IF(T16<75,"FAILED","PASSED"),"") | W16: =_xlfn.IFNA(_xlfn.XLOOKUP(AF16,HELPER_SUBJECTS!$I$13:$I$14,HELPER_SUBJECTS!$J$13:$J$14),"") | AC16: =IF(B16="ACADEMIC",HELPER_SUBJECTS!$U$4,IF(B16="TECHPRO",HELPER_SUBJECTS!$V$4,"")) | AD16: =_xlfn.IFNA(_xlfn.XLOOKUP(D16,HELPER_SUBJECTS!D:D,HELPER_SUBJECTS!F:F),0) -> 0 | AE16: =_xlfn.IFNA(IF(D16<>"",_xlfn.XLOOKUP(D16,ANNEX!$F$52:$F$61,ANNEX!$H$52:$H$61),0),0) -> 0 | AF16: =IF(AND(AD16>0,AE16=0),AD16,IF(AND(AE16>0,AD16=0),AE16,0)) -> 0
A17: 9 | T17: =IF(AF17=2,IF(COUNTA(R17:S17)=2,ROUND(AVERAGE(R17:S17),0),""),"") | U17: =IF(T17<>"",IF(T17<75,"FAILED","PASSED"),"") | W17: =_xlfn.IFNA(_xlfn.XLOOKUP(AF17,HELPER_SUBJECTS!$I$13:$I$14,HELPER_SUBJECTS!$J$13:$J$14),"") | AC17: =IF(B17="ACADEMIC",HELPER_SUBJECTS!$U$4,IF(B17="TECHPRO",HELPER_SUBJECTS!$V$4,"")) | AD17: =_xlfn.IFNA(_xlfn.XLOOKUP(D17,HELPER_SUBJECTS!D:D,HELPER_SUBJECTS!F:F),0) -> 0 | AE17: =_xlfn.IFNA(IF(D17<>"",_xlfn.XLOOKUP(D17,ANNEX!$F$52:$F$61,ANNEX!$H$52:$H$61),0),0) -> 0 | AF17: =IF(AND(AD17>0,AE17=0),AD17,IF(AND(AE17>0,AD17=0),AE17,0)) -> 0
A18: 10 | T18: =IF(AF18=2,IF(COUNTA(R18:S18)=2,ROUND(AVERAGE(R18:S18),0),""),"") | U18: =IF(T18<>"",IF(T18<75,"FAILED","PASSED"),"") | W18: =_xlfn.IFNA(_xlfn.XLOOKUP(AF18,HELPER_SUBJECTS!$I$13:$I$14,HELPER_SUBJECTS!$J$13:$J$14),"") | AC18: =IF(B18="ACADEMIC",HELPER_SUBJECTS!$U$4,IF(B18="TECHPRO",HELPER_SUBJECTS!$V$4,"")) | AD18: =_xlfn.IFNA(_xlfn.XLOOKUP(D18,HELPER_SUBJECTS!D:D,HELPER_SUBJECTS!F:F),0) -> 0 | AE18: =_xlfn.IFNA(IF(D18<>"",_xlfn.XLOOKUP(D18,ANNEX!$F$52:$F$61,ANNEX!$H$52:$H$61),0),0) -> 0 | AF18: =IF(AND(AD18>0,AE18=0),AD18,IF(AND(AE18>0,AD18=0),AE18,0)) -> 0
AC19: =IF(B19="ACADEMIC",HELPER_SUBJECTS!$U$4,IF(B19="TECHPRO",HELPER_SUBJECTS!$V$4,""))
A20: Remarks:
A22: Prepared by: | L22: Certified True and Correct: | W22: Date Checked:
A24: Signature of Adviser over Printed Name | L24: Signature of Authorized Person over Printed Name, Designation | W24: MM / DD / YYYY
A26: REMEDIATION CLASS | G26: Conducted from: | K26: to | P26: School: | W26: School ID:
H27: MM / DD / YYYY | L27: MM / DD / YYYY
A28: TRACK | D28: SUBJECTS | R28: Failed Final Gr. | S28: Remedial Mark | T28: Recomputed | U28: ACTION TAKEN | W28: REMARK
A29: Academic/TechPro | D29: Specific core or elective subject | AC29: reference / subject list
A30: 1 | T30: =IF(OR(R30="",S30=""),"",IF(ISERROR(ROUND(AVERAGE(R30,S30),0)),"",ROUND(AVERAGE(R30,S30),0))) | U30: =IF(T30<>"",IF(T30<75,"FAILED","PASSED"),"") | AC30: =IF(B30="ACADEMIC",HELPER_SUBJECTS!$U$4,IF(B30="TECHPRO",HELPER_SUBJECTS!$V$4,"")) | AD30: =_xlfn.XLOOKUP(D30,HELPER_SUBJECTS!D:D,HELPER_SUBJECTS!G:G) -> 0
A31: 2 | T31: =IF(OR(R31="",S31=""),"",IF(ISERROR(ROUND(AVERAGE(R31,S31),0)),"",ROUND(AVERAGE(R31,S31),0))) | U31: =IF(T31<>"",IF(T31<75,"FAILED","PASSED"),"") | AC31: =IF(B31="ACADEMIC",HELPER_SUBJECTS!$U$4,IF(B31="TECHPRO",HELPER_SUBJECTS!$V$4,"")) | AD31: =_xlfn.XLOOKUP(D31,HELPER_SUBJECTS!D:D,HELPER_SUBJECTS!G:G) -> 0
A32: 3 | T32: =IF(OR(R32="",S32=""),"",IF(ISERROR(ROUND(AVERAGE(R32,S32),0)),"",ROUND(AVERAGE(R32,S32),0))) | U32: =IF(T32<>"",IF(T32<75,"FAILED","PASSED"),"") | AC32: =IF(B32="ACADEMIC",HELPER_SUBJECTS!$U$4,IF(B32="TECHPRO",HELPER_SUBJECTS!$V$4,"")) | AD32: =_xlfn.XLOOKUP(D32,HELPER_SUBJECTS!D:D,HELPER_SUBJECTS!G:G) -> 0
A33: 4 | T33: =IF(OR(R33="",S33=""),"",IF(ISERROR(ROUND(AVERAGE(R33,S33),0)),"",ROUND(AVERAGE(R33,S33),0))) | U33: =IF(T33<>"",IF(T33<75,"FAILED","PASSED"),"") | AC33: =IF(B33="ACADEMIC",HELPER_SUBJECTS!$U$4,IF(B33="TECHPRO",HELPER_SUBJECTS!$V$4,"")) | AD33: =_xlfn.XLOOKUP(D33,HELPER_SUBJECTS!D:D,HELPER_SUBJECTS!G:G) -> 0
AC34: =IF(B34="ACADEMIC",HELPER_SUBJECTS!$U$4,IF(B34="TECHPRO",HELPER_SUBJECTS!$V$4,""))
A35: Name of Teacher/Adviser: | S35: Signature:
A38: SCHOOL: | M38: SCHOOL ID: | R38: GRADE LEVEL: | S38: 12 | V38: SECTION: | AA38: SECOND SEMESTER / SECOND SEMESTER / SECOND SEMESTER / SECOND SEMESTER / SECOND SEM
A39: TRACK: | R39: SCHOOL YEAR: | V39: SEM: | W39: SECOND
A41: TRACK | D41: SUBJECTS | R41: QUARTERLY GRADE | T41: 2ND SEMESTRAL GRADE | W41: REMARK
T42: GEN. AVE. | U42: ACTION TAKEN
A43: Academic/TechPro | D43: Specific core or elective subject | R43: Q3 | S43: Q4 | W43: Final Grade Computation | AC43: reference / subject list | AD43: Listed | AE43: New | AF43: Quarters
A44: 1 | T44: =IF(AF44=2,IF(COUNTA(R44:S44)=2,ROUND(AVERAGE(R44:S44),0),""),"") | U44: =IF(T44<>"",IF(T44<75,"FAILED","PASSED"),"") | W44: =_xlfn.IFNA(_xlfn.XLOOKUP(AF44,HELPER_SUBJECTS!$I$13:$I$14,HELPER_SUBJECTS!$J$13:$J$14),"") | AC44: =IF(B44="ACADEMIC",HELPER_SUBJECTS!$U$4,IF(B44="TECHPRO",HELPER_SUBJECTS!$V$4,"")) | AD44: =_xlfn.IFNA(_xlfn.XLOOKUP(D44,HELPER_SUBJECTS!D:D,HELPER_SUBJECTS!F:F),0) -> 0 | AE44: =_xlfn.IFNA(IF(D44<>"",_xlfn.XLOOKUP(D44,ANNEX!$F$52:$F$61,ANNEX!$H$52:$H$61),0),0) -> 0 | AF44: =IF(AND(AD44>0,AE44=0),AD44,IF(AND(AE44>0,AD44=0),AE44,0)) -> 0
A45: 2 | T45: =IF(AF45=2,IF(COUNTA(R45:S45)=2,ROUND(AVERAGE(R45:S45),0),""),"") | U45: =IF(T45<>"",IF(T45<75,"FAILED","PASSED"),"") | W45: =_xlfn.IFNA(_xlfn.XLOOKUP(AF45,HELPER_SUBJECTS!$I$13:$I$14,HELPER_SUBJECTS!$J$13:$J$14),"") | AC45: =IF(B45="ACADEMIC",HELPER_SUBJECTS!$U$4,IF(B45="TECHPRO",HELPER_SUBJECTS!$V$4,"")) | AD45: =_xlfn.IFNA(_xlfn.XLOOKUP(D45,HELPER_SUBJECTS!D:D,HELPER_SUBJECTS!F:F),0) -> 0 | AE45: =_xlfn.IFNA(IF(D45<>"",_xlfn.XLOOKUP(D45,ANNEX!$F$52:$F$61,ANNEX!$H$52:$H$61),0),0) -> 0 | AF45: =IF(AND(AD45>0,AE45=0),AD45,IF(AND(AE45>0,AD45=0),AE45,0)) -> 0
A46: 3 | T46: =IF(AF46=2,IF(COUNTA(R46:S46)=2,ROUND(AVERAGE(R46:S46),0),""),"") | U46: =IF(T46<>"",IF(T46<75,"FAILED","PASSED"),"") | W46: =_xlfn.IFNA(_xlfn.XLOOKUP(AF46,HELPER_SUBJECTS!$I$13:$I$14,HELPER_SUBJECTS!$J$13:$J$14),"") | AC46: =IF(B46="ACADEMIC",HELPER_SUBJECTS!$U$4,IF(B46="TECHPRO",HELPER_SUBJECTS!$V$4,"")) | AD46: =_xlfn.IFNA(_xlfn.XLOOKUP(D46,HELPER_SUBJECTS!D:D,HELPER_SUBJECTS!F:F),0) -> 0 | AE46: =_xlfn.IFNA(IF(D46<>"",_xlfn.XLOOKUP(D46,ANNEX!$F$52:$F$61,ANNEX!$H$52:$H$61),0),0) -> 0 | AF46: =IF(AND(AD46>0,AE46=0),AD46,IF(AND(AE46>0,AD46=0),AE46,0)) -> 0
A47: 4 | T47: =IF(AF47=2,IF(COUNTA(R47:S47)=2,ROUND(AVERAGE(R47:S47),0),""),"") | U47: =IF(T47<>"",IF(T47<75,"FAILED","PASSED"),"") | W47: =_xlfn.IFNA(_xlfn.XLOOKUP(AF47,HELPER_SUBJECTS!$I$13:$I$14,HELPER_SUBJECTS!$J$13:$J$14),"") | AC47: =IF(B47="ACADEMIC",HELPER_SUBJECTS!$U$4,IF(B47="TECHPRO",HELPER_SUBJECTS!$V$4,"")) | AD47: =_xlfn.IFNA(_xlfn.XLOOKUP(D47,HELPER_SUBJECTS!D:D,HELPER_SUBJECTS!F:F),0) -> 0 | AE47: =_xlfn.IFNA(IF(D47<>"",_xlfn.XLOOKUP(D47,ANNEX!$F$52:$F$61,ANNEX!$H$52:$H$61),0),0) -> 0 | AF47: =IF(AND(AD47>0,AE47=0),AD47,IF(AND(AE47>0,AD47=0),AE47,0)) -> 0
A48: 5 | T48: =IF(AF48=2,IF(COUNTA(R48:S48)=2,ROUND(AVERAGE(R48:S48),0),""),"") | U48: =IF(T48<>"",IF(T48<75,"FAILED","PASSED"),"") | W48: =_xlfn.IFNA(_xlfn.XLOOKUP(AF48,HELPER_SUBJECTS!$I$13:$I$14,HELPER_SUBJECTS!$J$13:$J$14),"") | AC48: =IF(B48="ACADEMIC",HELPER_SUBJECTS!$U$4,IF(B48="TECHPRO",HELPER_SUBJECTS!$V$4,"")) | AD48: =_xlfn.IFNA(_xlfn.XLOOKUP(D48,HELPER_SUBJECTS!D:D,HELPER_SUBJECTS!F:F),0) -> 0 | AE48: =_xlfn.IFNA(IF(D48<>"",_xlfn.XLOOKUP(D48,ANNEX!$F$52:$F$61,ANNEX!$H$52:$H$61),0),0) -> 0 | AF48: =IF(AND(AD48>0,AE48=0),AD48,IF(AND(AE48>0,AD48=0),AE48,0)) -> 0
A49: 6 | T49: =IF(AF49=2,IF(COUNTA(R49:S49)=2,ROUND(AVERAGE(R49:S49),0),""),"") | U49: =IF(T49<>"",IF(T49<75,"FAILED","PASSED"),"") | W49: =_xlfn.IFNA(_xlfn.XLOOKUP(AF49,HELPER_SUBJECTS!$I$13:$I$14,HELPER_SUBJECTS!$J$13:$J$14),"") | AC49: =IF(B49="ACADEMIC",HELPER_SUBJECTS!$U$4,IF(B49="TECHPRO",HELPER_SUBJECTS!$V$4,"")) | AD49: =_xlfn.IFNA(_xlfn.XLOOKUP(D49,HELPER_SUBJECTS!D:D,HELPER_SUBJECTS!F:F),0) -> 0 | AE49: =_xlfn.IFNA(IF(D49<>"",_xlfn.XLOOKUP(D49,ANNEX!$F$52:$F$61,ANNEX!$H$52:$H$61),0),0) -> 0 | AF49: =IF(AND(AD49>0,AE49=0),AD49,IF(AND(AE49>0,AD49=0),AE49,0)) -> 0
A50: 7 | T50: =IF(AF50=2,IF(COUNTA(R50:S50)=2,ROUND(AVERAGE(R50:S50),0),""),"") | U50: =IF(T50<>"",IF(T50<75,"FAILED","PASSED"),"") | W50: =_xlfn.IFNA(_xlfn.XLOOKUP(AF50,HELPER_SUBJECTS!$I$13:$I$14,HELPER_SUBJECTS!$J$13:$J$14),"") | AC50: =IF(B50="ACADEMIC",HELPER_SUBJECTS!$U$4,IF(B50="TECHPRO",HELPER_SUBJECTS!$V$4,"")) | AD50: =_xlfn.IFNA(_xlfn.XLOOKUP(D50,HELPER_SUBJECTS!D:D,HELPER_SUBJECTS!F:F),0) -> 0 | AE50: =_xlfn.IFNA(IF(D50<>"",_xlfn.XLOOKUP(D50,ANNEX!$F$52:$F$61,ANNEX!$H$52:$H$61),0),0) -> 0 | AF50: =IF(AND(AD50>0,AE50=0),AD50,IF(AND(AE50>0,AD50=0),AE50,0)) -> 0
A51: 8 | T51: =IF(AF51=2,IF(COUNTA(R51:S51)=2,ROUND(AVERAGE(R51:S51),0),""),"") | U51: =IF(T51<>"",IF(T51<75,"FAILED","PASSED"),"") | W51: =_xlfn.IFNA(_xlfn.XLOOKUP(AF51,HELPER_SUBJECTS!$I$13:$I$14,HELPER_SUBJECTS!$J$13:$J$14),"") | AC51: =IF(B51="ACADEMIC",HELPER_SUBJECTS!$U$4,IF(B51="TECHPRO",HELPER_SUBJECTS!$V$4,"")) | AD51: =_xlfn.IFNA(_xlfn.XLOOKUP(D51,HELPER_SUBJECTS!D:D,HELPER_SUBJECTS!F:F),0) -> 0 | AE51: =_xlfn.IFNA(IF(D51<>"",_xlfn.XLOOKUP(D51,ANNEX!$F$52:$F$61,ANNEX!$H$52:$H$61),0),0) -> 0 | AF51: =IF(AND(AD51>0,AE51=0),AD51,IF(AND(AE51>0,AD51=0),AE51,0)) -> 0
A52: 9 | T52: =IF(AF52=2,IF(COUNTA(R52:S52)=2,ROUND(AVERAGE(R52:S52),0),""),"") | U52: =IF(T52<>"",IF(T52<75,"FAILED","PASSED"),"") | W52: =_xlfn.IFNA(_xlfn.XLOOKUP(AF52,HELPER_SUBJECTS!$I$13:$I$14,HELPER_SUBJECTS!$J$13:$J$14),"") | AC52: =IF(B52="ACADEMIC",HELPER_SUBJECTS!$U$4,IF(B52="TECHPRO",HELPER_SUBJECTS!$V$4,"")) | AD52: =_xlfn.IFNA(_xlfn.XLOOKUP(D52,HELPER_SUBJECTS!D:D,HELPER_SUBJECTS!F:F),0) -> 0 | AE52: =_xlfn.IFNA(IF(D52<>"",_xlfn.XLOOKUP(D52,ANNEX!$F$52:$F$61,ANNEX!$H$52:$H$61),0),0) -> 0 | AF52: =IF(AND(AD52>0,AE52=0),AD52,IF(AND(AE52>0,AD52=0),AE52,0)) -> 0
A53: 10 | T53: =IF(AF53=2,IF(COUNTA(R53:S53)=2,ROUND(AVERAGE(R53:S53),0),""),"") | U53: =IF(T53<>"",IF(T53<75,"FAILED","PASSED"),"") | W53: =_xlfn.IFNA(_xlfn.XLOOKUP(AF53,HELPER_SUBJECTS!$I$13:$I$14,HELPER_SUBJECTS!$J$13:$J$14),"") | AC53: =IF(B53="ACADEMIC",HELPER_SUBJECTS!$U$4,IF(B53="TECHPRO",HELPER_SUBJECTS!$V$4,"")) | AD53: =_xlfn.IFNA(_xlfn.XLOOKUP(D53,HELPER_SUBJECTS!D:D,HELPER_SUBJECTS!F:F),0) -> 0 | AE53: =_xlfn.IFNA(IF(D53<>"",_xlfn.XLOOKUP(D53,ANNEX!$F$52:$F$61,ANNEX!$H$52:$H$61),0),0) -> 0 | AF53: =IF(AND(AD53>0,AE53=0),AD53,IF(AND(AE53>0,AD53=0),AE53,0)) -> 0
AC54: =IF(B54="ACADEMIC",HELPER_SUBJECTS!$U$4,IF(B54="TECHPRO",HELPER_SUBJECTS!$V$4,""))
A55: Remarks:
A57: Prepared by: | L57: Certified True and Correct: | W57: Date Checked:
A59: Signature of Adviser over Printed Name | L59: Signature of Authorized Person over Printed Name, Designation | W59: MM / DD / YYYY
A61: REMEDIATION CLASS | G61: Conducted from: | K61: to | P61: School: | W61: School ID:
H62: MM / DD / YYYY | L62: MM / DD / YYYY
A63: TRACK | D63: SUBJECTS | R63: Failed Final Gr. | S63: Remedial Mark | T63: Recomputed | U63: ACTION TAKEN | W63: REMARK
A64: Academic/TechPro | D64: Specific core or elective subject | AC64: reference / subject list
A65: 1 | T65: =IF(OR(R65="",S65=""),"",IF(ISERROR(ROUND(AVERAGE(R65,S65),0)),"",ROUND(AVERAGE(R65,S65),0))) | U65: =IF(T65<>"",IF(T65<75,"FAILED","PASSED"),"") | AC65: =IF(B65="ACADEMIC",HELPER_SUBJECTS!$U$4,IF(B65="TECHPRO",HELPER_SUBJECTS!$V$4,"")) | AD65: =_xlfn.XLOOKUP(D65,HELPER_SUBJECTS!D:D,HELPER_SUBJECTS!G:G) -> 0
A66: 2 | T66: =IF(OR(R66="",S66=""),"",IF(ISERROR(ROUND(AVERAGE(R66,S66),0)),"",ROUND(AVERAGE(R66,S66),0))) | U66: =IF(T66<>"",IF(T66<75,"FAILED","PASSED"),"") | AC66: =IF(B66="ACADEMIC",HELPER_SUBJECTS!$U$4,IF(B66="TECHPRO",HELPER_SUBJECTS!$V$4,"")) | AD66: =_xlfn.XLOOKUP(D66,HELPER_SUBJECTS!D:D,HELPER_SUBJECTS!G:G) -> 0
A67: 3 | T67: =IF(OR(R67="",S67=""),"",IF(ISERROR(ROUND(AVERAGE(R67,S67),0)),"",ROUND(AVERAGE(R67,S67),0))) | U67: =IF(T67<>"",IF(T67<75,"FAILED","PASSED"),"") | AC67: =IF(B67="ACADEMIC",HELPER_SUBJECTS!$U$4,IF(B67="TECHPRO",HELPER_SUBJECTS!$V$4,"")) | AD67: =_xlfn.XLOOKUP(D67,HELPER_SUBJECTS!D:D,HELPER_SUBJECTS!G:G) -> 0
A68: 4 | T68: =IF(OR(R68="",S68=""),"",IF(ISERROR(ROUND(AVERAGE(R68,S68),0)),"",ROUND(AVERAGE(R68,S68),0))) | U68: =IF(T68<>"",IF(T68<75,"FAILED","PASSED"),"") | AC68: =IF(B68="ACADEMIC",HELPER_SUBJECTS!$U$4,IF(B68="TECHPRO",HELPER_SUBJECTS!$V$4,"")) | AD68: =_xlfn.XLOOKUP(D68,HELPER_SUBJECTS!D:D,HELPER_SUBJECTS!G:G) -> 0
A70: Name of Teacher/Adviser: | S70: Signature:
A73: SUMMARY OF FINAL GRADES FOR GRADE 12
A74: TRACK | D74: SUBJECTS | Q74: QUARTERLY GRADE | U74: REMEDIAL | W74: FINAL GRADE
Q75: Q1 | R75: Q2 | S75: Q3 | T75: Q4 | U75: Recomputed | W75: GEN. AVE. | X75: ACTION TAKEN
A76: Core/Academic/TechPro | D76: Specific core or elective subject | U76: Sem. 1 | V76: Sem. 2 | AD76: Listed | AE76: New | AF76: Quarters
A77: 1 | B77: =IF(D77<>"",_xlfn.XLOOKUP(D77,$D$9:$D$53,$B$9:$B$53),"") | D77: {=IFERROR(_xlfn.UNIQUE(_xlfn._xlws.FILTER(_xlfn.HSTACK(_xlfn.VSTACK(D9:D18,D44:D53)), _xlfn.VSTACK(D9:D18,D44:D53)<>"" )),"")} | Q77: =IF($D77<>"",IFERROR(IF(_xlfn.XLOOKUP($D77,$D$9:$D$18,R$9:R$18)>0,_xlfn.XLOOKUP($D77,$D$9:$D$18,R$9:R$18),""),""),"") | R77: =IF($D77<>"",IFERROR(IF(_xlfn.XLOOKUP($D77,$D$9:$D$18,S$9:S$18)>0,_xlfn.XLOOKUP($D77,$D$9:$D$18,S$9:S$18),""),""),"") | S77: =IF($D77<>"",IFERROR(IF(_xlfn.XLOOKUP($D77,$D$44:$D$53,R$44:R$53)>0,_xlfn.XLOOKUP($D77,$D$44:$D$53,R$44:R$53),""),""),"") | T77: =IF($D77<>"",IFERROR(IF(_xlfn.XLOOKUP($D77,$D$44:$D$53,S$44:S$53)>0,_xlfn.XLOOKUP($D77,$D$44:$D$53,S$44:S$53),""),""),"") | U77: =IF($D77<>"",IFERROR(_xlfn.XLOOKUP($D77,$D$30:$D$33,$T$30:$T$33),""),"") | V77: =IF($D77<>"",IFERROR(_xlfn.XLOOKUP($D77,$D$65:$D$68,$T$65:$T$68),""),"") | W77: =IFERROR(IF(COUNT(U77:V77)>0,ROUND( (SUM(Q77:V77) - SUMIF(Q77:T77,"<75",Q77:T77)) / COUNTIF(Q77:V77, ">=75"), 0 ), IF(COUNT(Q77:T77)=AF77,ROUND(AVERAGE(Q77:T77),0),"")),"") | X77: =IF(AND(W77>0,W77<>""),IF(W77<75,"FAILED","PASSED"),"") | AD77: =_xlfn.IFNA(_xlfn.XLOOKUP(D77,HELPER_SUBJECTS!D:D,HELPER_SUBJECTS!F:F),0) -> 0 | AE77: =_xlfn.IFNA(IF(D77<>"",_xlfn.XLOOKUP(D77,ANNEX!$F$52:$F$61,ANNEX!$H$52:$H$61),0),0) -> 0 | AF77: =IF(AND(AD77>0,AE77=0),AD77,IF(AND(AE77>0,AD77=0),AE77,0)) -> 0
A78: 2 | B78: =IF(D78<>"",_xlfn.XLOOKUP(D78,$D$9:$D$53,$B$9:$B$53),"") | Q78: =IF($D78<>"",IFERROR(IF(_xlfn.XLOOKUP($D78,$D$9:$D$18,R$9:R$18)>0,_xlfn.XLOOKUP($D78,$D$9:$D$18,R$9:R$18),""),""),"") | R78: =IF($D78<>"",IFERROR(IF(_xlfn.XLOOKUP($D78,$D$9:$D$18,S$9:S$18)>0,_xlfn.XLOOKUP($D78,$D$9:$D$18,S$9:S$18),""),""),"") | S78: =IF($D78<>"",IFERROR(IF(_xlfn.XLOOKUP($D78,$D$44:$D$53,R$44:R$53)>0,_xlfn.XLOOKUP($D78,$D$44:$D$53,R$44:R$53),""),""),"") | T78: =IF($D78<>"",IFERROR(IF(_xlfn.XLOOKUP($D78,$D$44:$D$53,S$44:S$53)>0,_xlfn.XLOOKUP($D78,$D$44:$D$53,S$44:S$53),""),""),"") | U78: =IF($D78<>"",IFERROR(_xlfn.XLOOKUP($D78,$D$30:$D$33,$T$30:$T$33),""),"") | V78: =IF($D78<>"",IFERROR(_xlfn.XLOOKUP($D78,$D$65:$D$68,$T$65:$T$68),""),"") | W78: =IFERROR(IF(COUNT(U78:V78)>0,ROUND( (SUM(Q78:V78) - SUMIF(Q78:T78,"<75",Q78:T78)) / COUNTIF(Q78:V78, ">=75"),0), IF(COUNT(Q78:T78)=AF78,ROUND(AVERAGE(Q78:T78),0),"")),"") | X78: =IF(AND(W78>0,W78<>""),IF(W78<75,"FAILED","PASSED"),"") | AD78: =_xlfn.IFNA(_xlfn.XLOOKUP(D78,HELPER_SUBJECTS!D:D,HELPER_SUBJECTS!F:F),0) -> 0 | AE78: =_xlfn.IFNA(IF(D78<>"",_xlfn.XLOOKUP(D78,ANNEX!$F$52:$F$61,ANNEX!$H$52:$H$61),0),0) -> 0 | AF78: =IF(AND(AD78>0,AE78=0),AD78,IF(AND(AE78>0,AD78=0),AE78,0)) -> 0
A79: 3 | B79: =IF(D79<>"",_xlfn.XLOOKUP(D79,$D$9:$D$53,$B$9:$B$53),"") | Q79: =IF($D79<>"",IFERROR(IF(_xlfn.XLOOKUP($D79,$D$9:$D$18,R$9:R$18)>0,_xlfn.XLOOKUP($D79,$D$9:$D$18,R$9:R$18),""),""),"") | R79: =IF($D79<>"",IFERROR(IF(_xlfn.XLOOKUP($D79,$D$9:$D$18,S$9:S$18)>0,_xlfn.XLOOKUP($D79,$D$9:$D$18,S$9:S$18),""),""),"") | S79: =IF($D79<>"",IFERROR(IF(_xlfn.XLOOKUP($D79,$D$44:$D$53,R$44:R$53)>0,_xlfn.XLOOKUP($D79,$D$44:$D$53,R$44:R$53),""),""),"") | T79: =IF($D79<>"",IFERROR(IF(_xlfn.XLOOKUP($D79,$D$44:$D$53,S$44:S$53)>0,_xlfn.XLOOKUP($D79,$D$44:$D$53,S$44:S$53),""),""),"") | U79: =IF($D79<>"",IFERROR(_xlfn.XLOOKUP($D79,$D$30:$D$33,$T$30:$T$33),""),"") | V79: =IF($D79<>"",IFERROR(_xlfn.XLOOKUP($D79,$D$65:$D$68,$T$65:$T$68),""),"") | W79: =IFERROR(IF(COUNT(U79:V79)>0,ROUND( (SUM(Q79:V79) - SUMIF(Q79:T79,"<75",Q79:T79)) / COUNTIF(Q79:V79, ">=75"), 0 ), IF(COUNT(Q79:T79)=AF79,ROUND(AVERAGE(Q79:T79),0),"")),"") | X79: =IF(AND(W79>0,W79<>""),IF(W79<75,"FAILED","PASSED"),"") | AD79: =_xlfn.IFNA(_xlfn.XLOOKUP(D79,HELPER_SUBJECTS!D:D,HELPER_SUBJECTS!F:F),0) -> 0 | AE79: =_xlfn.IFNA(IF(D79<>"",_xlfn.XLOOKUP(D79,ANNEX!$F$52:$F$61,ANNEX!$H$52:$H$61),0),0) -> 0 | AF79: =IF(AND(AD79>0,AE79=0),AD79,IF(AND(AE79>0,AD79=0),AE79,0)) -> 0
A80: 4 | B80: =IF(D80<>"",_xlfn.XLOOKUP(D80,$D$9:$D$53,$B$9:$B$53),"") | Q80: =IF($D80<>"",IFERROR(IF(_xlfn.XLOOKUP($D80,$D$9:$D$18,R$9:R$18)>0,_xlfn.XLOOKUP($D80,$D$9:$D$18,R$9:R$18),""),""),"") | R80: =IF($D80<>"",IFERROR(IF(_xlfn.XLOOKUP($D80,$D$9:$D$18,S$9:S$18)>0,_xlfn.XLOOKUP($D80,$D$9:$D$18,S$9:S$18),""),""),"") | S80: =IF($D80<>"",IFERROR(IF(_xlfn.XLOOKUP($D80,$D$44:$D$53,R$44:R$53)>0,_xlfn.XLOOKUP($D80,$D$44:$D$53,R$44:R$53),""),""),"") | T80: =IF($D80<>"",IFERROR(IF(_xlfn.XLOOKUP($D80,$D$44:$D$53,S$44:S$53)>0,_xlfn.XLOOKUP($D80,$D$44:$D$53,S$44:S$53),""),""),"") | U80: =IF($D80<>"",IFERROR(_xlfn.XLOOKUP($D80,$D$30:$D$33,$T$30:$T$33),""),"") | V80: =IF($D80<>"",IFERROR(_xlfn.XLOOKUP($D80,$D$65:$D$68,$T$65:$T$68),""),"") | W80: =IFERROR(IF(COUNT(U80:V80)>0,ROUND( (SUM(Q80:V80) - SUMIF(Q80:T80,"<75",Q80:T80)) / COUNTIF(Q80:V80, ">=75"), 0 ), IF(COUNT(Q80:T80)=AF80,ROUND(AVERAGE(Q80:T80),0),"")),"") | X80: =IF(AND(W80>0,W80<>""),IF(W80<75,"FAILED","PASSED"),"") | AD80: =_xlfn.IFNA(_xlfn.XLOOKUP(D80,HELPER_SUBJECTS!D:D,HELPER_SUBJECTS!F:F),0) -> 0 | AE80: =_xlfn.IFNA(IF(D80<>"",_xlfn.XLOOKUP(D80,ANNEX!$F$52:$F$61,ANNEX!$H$52:$H$61),0),0) -> 0 | AF80: =IF(AND(AD80>0,AE80=0),AD80,IF(AND(AE80>0,AD80=0),AE80,0)) -> 0
A81: 5 | B81: =IF(D81<>"",_xlfn.XLOOKUP(D81,$D$9:$D$53,$B$9:$B$53),"") | Q81: =IF($D81<>"",IFERROR(IF(_xlfn.XLOOKUP($D81,$D$9:$D$18,R$9:R$18)>0,_xlfn.XLOOKUP($D81,$D$9:$D$18,R$9:R$18),""),""),"") | R81: =IF($D81<>"",IFERROR(IF(_xlfn.XLOOKUP($D81,$D$9:$D$18,S$9:S$18)>0,_xlfn.XLOOKUP($D81,$D$9:$D$18,S$9:S$18),""),""),"") | S81: =IF($D81<>"",IFERROR(IF(_xlfn.XLOOKUP($D81,$D$44:$D$53,R$44:R$53)>0,_xlfn.XLOOKUP($D81,$D$44:$D$53,R$44:R$53),""),""),"") | T81: =IF($D81<>"",IFERROR(IF(_xlfn.XLOOKUP($D81,$D$44:$D$53,S$44:S$53)>0,_xlfn.XLOOKUP($D81,$D$44:$D$53,S$44:S$53),""),""),"") | U81: =IF($D81<>"",IFERROR(_xlfn.XLOOKUP($D81,$D$30:$D$33,$T$30:$T$33),""),"") | V81: =IF($D81<>"",IFERROR(_xlfn.XLOOKUP($D81,$D$65:$D$68,$T$65:$T$68),""),"") | W81: =IFERROR(IF(COUNT(U81:V81)>0,ROUND( (SUM(Q81:V81) - SUMIF(Q81:T81,"<75",Q81:T81)) / COUNTIF(Q81:V81, ">=75"), 0 ), IF(COUNT(Q81:T81)=AF81,ROUND(AVERAGE(Q81:T81),0),"")),"") | X81: =IF(AND(W81>0,W81<>""),IF(W81<75,"FAILED","PASSED"),"") | AD81: =_xlfn.IFNA(_xlfn.XLOOKUP(D81,HELPER_SUBJECTS!D:D,HELPER_SUBJECTS!F:F),0) -> 0 | AE81: =_xlfn.IFNA(IF(D81<>"",_xlfn.XLOOKUP(D81,ANNEX!$F$52:$F$61,ANNEX!$H$52:$H$61),0),0) -> 0 | AF81: =IF(AND(AD81>0,AE81=0),AD81,IF(AND(AE81>0,AD81=0),AE81,0)) -> 0
A82: 6 | B82: =IF(D82<>"",_xlfn.XLOOKUP(D82,$D$9:$D$53,$B$9:$B$53),"") | Q82: =IF($D82<>"",IFERROR(IF(_xlfn.XLOOKUP($D82,$D$9:$D$18,R$9:R$18)>0,_xlfn.XLOOKUP($D82,$D$9:$D$18,R$9:R$18),""),""),"") | R82: =IF($D82<>"",IFERROR(IF(_xlfn.XLOOKUP($D82,$D$9:$D$18,S$9:S$18)>0,_xlfn.XLOOKUP($D82,$D$9:$D$18,S$9:S$18),""),""),"") | S82: =IF($D82<>"",IFERROR(IF(_xlfn.XLOOKUP($D82,$D$44:$D$53,R$44:R$53)>0,_xlfn.XLOOKUP($D82,$D$44:$D$53,R$44:R$53),""),""),"") | T82: =IF($D82<>"",IFERROR(IF(_xlfn.XLOOKUP($D82,$D$44:$D$53,S$44:S$53)>0,_xlfn.XLOOKUP($D82,$D$44:$D$53,S$44:S$53),""),""),"") | U82: =IF($D82<>"",IFERROR(_xlfn.XLOOKUP($D82,$D$30:$D$33,$T$30:$T$33),""),"") | V82: =IF($D82<>"",IFERROR(_xlfn.XLOOKUP($D82,$D$65:$D$68,$T$65:$T$68),""),"") | W82: =IFERROR(IF(COUNT(U82:V82)>0,ROUND( (SUM(Q82:V82) - SUMIF(Q82:T82,"<75",Q82:T82)) / COUNTIF(Q82:V82, ">=75"), 0 ), IF(COUNT(Q82:T82)=AF82,ROUND(AVERAGE(Q82:T82),0),"")),"") | X82: =IF(AND(W82>0,W82<>""),IF(W82<75,"FAILED","PASSED"),"") | AD82: =_xlfn.IFNA(_xlfn.XLOOKUP(D82,HELPER_SUBJECTS!D:D,HELPER_SUBJECTS!F:F),0) -> 0 | AE82: =_xlfn.IFNA(IF(D82<>"",_xlfn.XLOOKUP(D82,ANNEX!$F$52:$F$61,ANNEX!$H$52:$H$61),0),0) -> 0 | AF82: =IF(AND(AD82>0,AE82=0),AD82,IF(AND(AE82>0,AD82=0),AE82,0)) -> 0
A83: 7 | B83: =IF(D83<>"",_xlfn.XLOOKUP(D83,$D$9:$D$53,$B$9:$B$53),"") | Q83: =IF($D83<>"",IFERROR(IF(_xlfn.XLOOKUP($D83,$D$9:$D$18,R$9:R$18)>0,_xlfn.XLOOKUP($D83,$D$9:$D$18,R$9:R$18),""),""),"") | R83: =IF($D83<>"",IFERROR(IF(_xlfn.XLOOKUP($D83,$D$9:$D$18,S$9:S$18)>0,_xlfn.XLOOKUP($D83,$D$9:$D$18,S$9:S$18),""),""),"") | S83: =IF($D83<>"",IFERROR(IF(_xlfn.XLOOKUP($D83,$D$44:$D$53,R$44:R$53)>0,_xlfn.XLOOKUP($D83,$D$44:$D$53,R$44:R$53),""),""),"") | T83: =IF($D83<>"",IFERROR(IF(_xlfn.XLOOKUP($D83,$D$44:$D$53,S$44:S$53)>0,_xlfn.XLOOKUP($D83,$D$44:$D$53,S$44:S$53),""),""),"") | U83: =IF($D83<>"",IFERROR(_xlfn.XLOOKUP($D83,$D$30:$D$33,$T$30:$T$33),""),"") | V83: =IF($D83<>"",IFERROR(_xlfn.XLOOKUP($D83,$D$65:$D$68,$T$65:$T$68),""),"") | W83: =IFERROR(IF(COUNT(U83:V83)>0,ROUND( (SUM(Q83:V83) - SUMIF(Q83:T83,"<75",Q83:T83)) / COUNTIF(Q83:V83, ">=75"), 0 ), IF(COUNT(Q83:T83)=AF83,ROUND(AVERAGE(Q83:T83),0),"")),"") | X83: =IF(AND(W83>0,W83<>""),IF(W83<75,"FAILED","PASSED"),"") | AD83: =_xlfn.IFNA(_xlfn.XLOOKUP(D83,HELPER_SUBJECTS!D:D,HELPER_SUBJECTS!F:F),0) -> 0 | AE83: =_xlfn.IFNA(IF(D83<>"",_xlfn.XLOOKUP(D83,ANNEX!$F$52:$F$61,ANNEX!$H$52:$H$61),0),0) -> 0 | AF83: =IF(AND(AD83>0,AE83=0),AD83,IF(AND(AE83>0,AD83=0),AE83,0)) -> 0
A84: 8 | B84: =IF(D84<>"",_xlfn.XLOOKUP(D84,$D$9:$D$53,$B$9:$B$53),"") | Q84: =IF($D84<>"",IFERROR(IF(_xlfn.XLOOKUP($D84,$D$9:$D$18,R$9:R$18)>0,_xlfn.XLOOKUP($D84,$D$9:$D$18,R$9:R$18),""),""),"") | R84: =IF($D84<>"",IFERROR(IF(_xlfn.XLOOKUP($D84,$D$9:$D$18,S$9:S$18)>0,_xlfn.XLOOKUP($D84,$D$9:$D$18,S$9:S$18),""),""),"") | S84: =IF($D84<>"",IFERROR(IF(_xlfn.XLOOKUP($D84,$D$44:$D$53,R$44:R$53)>0,_xlfn.XLOOKUP($D84,$D$44:$D$53,R$44:R$53),""),""),"") | T84: =IF($D84<>"",IFERROR(IF(_xlfn.XLOOKUP($D84,$D$44:$D$53,S$44:S$53)>0,_xlfn.XLOOKUP($D84,$D$44:$D$53,S$44:S$53),""),""),"") | U84: =IF($D84<>"",IFERROR(_xlfn.XLOOKUP($D84,$D$30:$D$33,$T$30:$T$33),""),"") | V84: =IF($D84<>"",IFERROR(_xlfn.XLOOKUP($D84,$D$65:$D$68,$T$65:$T$68),""),"") | W84: =IFERROR(IF(COUNT(U84:V84)>0,ROUND( (SUM(Q84:V84) - SUMIF(Q84:T84,"<75",Q84:T84)) / COUNTIF(Q84:V84, ">=75"), 0 ), IF(COUNT(Q84:T84)=AF84,ROUND(AVERAGE(Q84:T84),0),"")),"") | X84: =IF(AND(W84>0,W84<>""),IF(W84<75,"FAILED","PASSED"),"") | AD84: =_xlfn.IFNA(_xlfn.XLOOKUP(D84,HELPER_SUBJECTS!D:D,HELPER_SUBJECTS!F:F),0) -> 0 | AE84: =_xlfn.IFNA(IF(D84<>"",_xlfn.XLOOKUP(D84,ANNEX!$F$52:$F$61,ANNEX!$H$52:$H$61),0),0) -> 0 | AF84: =IF(AND(AD84>0,AE84=0),AD84,IF(AND(AE84>0,AD84=0),AE84,0)) -> 0
A85: 9 | B85: =IF(D85<>"",_xlfn.XLOOKUP(D85,$D$9:$D$53,$B$9:$B$53),"") | Q85: =IF($D85<>"",IFERROR(IF(_xlfn.XLOOKUP($D85,$D$9:$D$18,R$9:R$18)>0,_xlfn.XLOOKUP($D85,$D$9:$D$18,R$9:R$18),""),""),"") | R85: =IF($D85<>"",IFERROR(IF(_xlfn.XLOOKUP($D85,$D$9:$D$18,S$9:S$18)>0,_xlfn.XLOOKUP($D85,$D$9:$D$18,S$9:S$18),""),""),"") | S85: =IF($D85<>"",IFERROR(IF(_xlfn.XLOOKUP($D85,$D$44:$D$53,R$44:R$53)>0,_xlfn.XLOOKUP($D85,$D$44:$D$53,R$44:R$53),""),""),"") | T85: =IF($D85<>"",IFERROR(IF(_xlfn.XLOOKUP($D85,$D$44:$D$53,S$44:S$53)>0,_xlfn.XLOOKUP($D85,$D$44:$D$53,S$44:S$53),""),""),"") | U85: =IF($D85<>"",IFERROR(_xlfn.XLOOKUP($D85,$D$30:$D$33,$T$30:$T$33),""),"") | V85: =IF($D85<>"",IFERROR(_xlfn.XLOOKUP($D85,$D$65:$D$68,$T$65:$T$68),""),"") | W85: =IFERROR(IF(COUNT(U85:V85)>0,ROUND( (SUM(Q85:V85) - SUMIF(Q85:T85,"<75",Q85:T85)) / COUNTIF(Q85:V85, ">=75"), 0 ), IF(COUNT(Q85:T85)=AF85,ROUND(AVERAGE(Q85:T85),0),"")),"") | X85: =IF(AND(W85>0,W85<>""),IF(W85<75,"FAILED","PASSED"),"") | AD85: =_xlfn.IFNA(_xlfn.XLOOKUP(D85,HELPER_SUBJECTS!D:D,HELPER_SUBJECTS!F:F),0) -> 0 | AE85: =_xlfn.IFNA(IF(D85<>"",_xlfn.XLOOKUP(D85,ANNEX!$F$52:$F$61,ANNEX!$H$52:$H$61),0),0) -> 0 | AF85: =IF(AND(AD85>0,AE85=0),AD85,IF(AND(AE85>0,AD85=0),AE85,0)) -> 0
A86: 10 | B86: =IF(D86<>"",_xlfn.XLOOKUP(D86,$D$9:$D$53,$B$9:$B$53),"") | Q86: =IF($D86<>"",IFERROR(IF(_xlfn.XLOOKUP($D86,$D$9:$D$18,R$9:R$18)>0,_xlfn.XLOOKUP($D86,$D$9:$D$18,R$9:R$18),""),""),"") | R86: =IF($D86<>"",IFERROR(IF(_xlfn.XLOOKUP($D86,$D$9:$D$18,S$9:S$18)>0,_xlfn.XLOOKUP($D86,$D$9:$D$18,S$9:S$18),""),""),"") | S86: =IF($D86<>"",IFERROR(IF(_xlfn.XLOOKUP($D86,$D$44:$D$53,R$44:R$53)>0,_xlfn.XLOOKUP($D86,$D$44:$D$53,R$44:R$53),""),""),"") | T86: =IF($D86<>"",IFERROR(IF(_xlfn.XLOOKUP($D86,$D$44:$D$53,S$44:S$53)>0,_xlfn.XLOOKUP($D86,$D$44:$D$53,S$44:S$53),""),""),"") | U86: =IF($D86<>"",IFERROR(_xlfn.XLOOKUP($D86,$D$30:$D$33,$T$30:$T$33),""),"") | V86: =IF($D86<>"",IFERROR(_xlfn.XLOOKUP($D86,$D$65:$D$68,$T$65:$T$68),""),"") | W86: =IFERROR(IF(COUNT(U86:V86)>0,ROUND( (SUM(Q86:V86) - SUMIF(Q86:T86,"<75",Q86:T86)) / COUNTIF(Q86:V86, ">=75"), 0 ), IF(COUNT(Q86:T86)=AF86,ROUND(AVERAGE(Q86:T86),0),"")),"") | X86: =IF(AND(W86>0,W86<>""),IF(W86<75,"FAILED","PASSED"),"") | AD86: =_xlfn.IFNA(_xlfn.XLOOKUP(D86,HELPER_SUBJECTS!D:D,HELPER_SUBJECTS!F:F),0) -> 0 | AE86: =_xlfn.IFNA(IF(D86<>"",_xlfn.XLOOKUP(D86,ANNEX!$F$52:$F$61,ANNEX!$H$52:$H$61),0),0) -> 0 | AF86: =IF(AND(AD86>0,AE86=0),AD86,IF(AND(AE86>0,AD86=0),AE86,0)) -> 0
A87: 11 | B87: =IF(D87<>"",_xlfn.XLOOKUP(D87,$D$9:$D$53,$B$9:$B$53),"") | Q87: =IF($D87<>"",IFERROR(IF(_xlfn.XLOOKUP($D87,$D$9:$D$18,R$9:R$18)>0,_xlfn.XLOOKUP($D87,$D$9:$D$18,R$9:R$18),""),""),"") | R87: =IF($D87<>"",IFERROR(IF(_xlfn.XLOOKUP($D87,$D$9:$D$18,S$9:S$18)>0,_xlfn.XLOOKUP($D87,$D$9:$D$18,S$9:S$18),""),""),"") | S87: =IF($D87<>"",IFERROR(IF(_xlfn.XLOOKUP($D87,$D$44:$D$53,R$44:R$53)>0,_xlfn.XLOOKUP($D87,$D$44:$D$53,R$44:R$53),""),""),"") | T87: =IF($D87<>"",IFERROR(IF(_xlfn.XLOOKUP($D87,$D$44:$D$53,S$44:S$53)>0,_xlfn.XLOOKUP($D87,$D$44:$D$53,S$44:S$53),""),""),"") | U87: =IF($D87<>"",IFERROR(_xlfn.XLOOKUP($D87,$D$30:$D$33,$T$30:$T$33),""),"") | V87: =IF($D87<>"",IFERROR(_xlfn.XLOOKUP($D87,$D$65:$D$68,$T$65:$T$68),""),"") | W87: =IFERROR(IF(COUNT(U87:V87)>0,ROUND( (SUM(Q87:V87) - SUMIF(Q87:T87,"<75",Q87:T87)) / COUNTIF(Q87:V87, ">=75"), 0 ), IF(COUNT(Q87:T87)=AF87,ROUND(AVERAGE(Q87:T87),0),"")),"") | X87: =IF(AND(W87>0,W87<>""),IF(W87<75,"FAILED","PASSED"),"") | AD87: =_xlfn.IFNA(_xlfn.XLOOKUP(D87,HELPER_SUBJECTS!D:D,HELPER_SUBJECTS!F:F),0) -> 0 | AE87: =_xlfn.IFNA(IF(D87<>"",_xlfn.XLOOKUP(D87,ANNEX!$F$52:$F$61,ANNEX!$H$52:$H$61),0),0) -> 0 | AF87: =IF(AND(AD87>0,AE87=0),AD87,IF(AND(AE87>0,AD87=0),AE87,0)) -> 0
A88: 12 | B88: =IF(D88<>"",_xlfn.XLOOKUP(D88,$D$9:$D$53,$B$9:$B$53),"") | Q88: =IF($D88<>"",IFERROR(IF(_xlfn.XLOOKUP($D88,$D$9:$D$18,R$9:R$18)>0,_xlfn.XLOOKUP($D88,$D$9:$D$18,R$9:R$18),""),""),"") | R88: =IF($D88<>"",IFERROR(IF(_xlfn.XLOOKUP($D88,$D$9:$D$18,S$9:S$18)>0,_xlfn.XLOOKUP($D88,$D$9:$D$18,S$9:S$18),""),""),"") | S88: =IF($D88<>"",IFERROR(IF(_xlfn.XLOOKUP($D88,$D$44:$D$53,R$44:R$53)>0,_xlfn.XLOOKUP($D88,$D$44:$D$53,R$44:R$53),""),""),"") | T88: =IF($D88<>"",IFERROR(IF(_xlfn.XLOOKUP($D88,$D$44:$D$53,S$44:S$53)>0,_xlfn.XLOOKUP($D88,$D$44:$D$53,S$44:S$53),""),""),"") | U88: =IF($D88<>"",IFERROR(_xlfn.XLOOKUP($D88,$D$30:$D$33,$T$30:$T$33),""),"") | V88: =IF($D88<>"",IFERROR(_xlfn.XLOOKUP($D88,$D$65:$D$68,$T$65:$T$68),""),"") | W88: =IFERROR(IF(COUNT(U88:V88)>0,ROUND( (SUM(Q88:V88) - SUMIF(Q88:T88,"<75",Q88:T88)) / COUNTIF(Q88:V88, ">=75"), 0 ), IF(COUNT(Q88:T88)=AF88,ROUND(AVERAGE(Q88:T88),0),"")),"") | X88: =IF(AND(W88>0,W88<>""),IF(W88<75,"FAILED","PASSED"),"") | AD88: =_xlfn.IFNA(_xlfn.XLOOKUP(D88,HELPER_SUBJECTS!D:D,HELPER_SUBJECTS!F:F),0) -> 0 | AE88: =_xlfn.IFNA(IF(D88<>"",_xlfn.XLOOKUP(D88,ANNEX!$F$52:$F$61,ANNEX!$H$52:$H$61),0),0) -> 0 | AF88: =IF(AND(AD88>0,AE88=0),AD88,IF(AND(AE88>0,AD88=0),AE88,0)) -> 0
V89: General Average Grade: | W89: =IFERROR(ROUND(AVERAGE(W77:W88),),"") | X89: =IF(AND(W89>0,W89<>""),IF(W89<75,"FAILED","PASSED"),"")
A93: Track Accomplished: | V93: SHS General Average: | W93: =IFERROR(IF(AND(ISNUMBER(FRONT!W123),ISNUMBER(BACK!W89)),ROUND(AVERAGE(FRONT!W123,BACK!W89),0),""),"")
A95: Awards/Honors Received: | V95: Date of SHS Graduation:
W96: MM / DD / YYYY
A97: Confirmed by: | I97: Date: | N97: Place School Seal Here:
I100: MM / DD / YYYY | AC100: =IF(B100="CORE",HELPER_SUBJECTS!$M$4,IF(B100="ACADEMIC",HELPER_SUBJECTS!$S$4,IF(B100="TECHPRO",HELPER_SUBJECTS!$T$4,"")))
A101: NOTE: | AC101: =IF(B101="CORE",HELPER_SUBJECTS!$M$4,IF(B101="ACADEMIC",HELPER_SUBJECTS!$S$4,IF(B101="TECHPRO",HELPER_SUBJECTS!$T$4,"")))
A102: This permanent record or a photocopy of this permanent record that bears the seal of the school and the original signature in ink of the School Head shall be considered valid for all legal purposes. Any erasure or alteration made on this copy should be validated by the School Head. If the student transfers to another school, the originating school should produce one (1) certified true copy of this permanent record for safekeeping. The receiving school shall continue filling up the original form. Upon graduation, the school from which the student graduated should keep the original form and produce one (1) certified true copy for the Division Office. | AC102: =IF(B102="CORE",HELPER_SUBJECTS!$M$4,IF(B102="ACADEMIC",HELPER_SUBJECTS!$S$4,IF(B102="TECHPRO",HELPER_SUBJECTS!$T$4,"")))
AC103: =IF(B103="CORE",HELPER_SUBJECTS!$M$4,IF(B103="ACADEMIC",HELPER_SUBJECTS!$S$4,IF(B103="TECHPRO",HELPER_SUBJECTS!$T$4,"")))
AD111: grade
AC112: 4
AC113: 4
A114: REMARKS: | AC114: 4
C115: Please indicate the purpose for which this permanent record will be used. | AC115: 4
A116: Date Issued: | AC116: 4
C117: MM / DD / YYYY | AC117: 4
Y118: page 2 of 2 | AC118: 4
AC119: =_xlfn.XLOOKUP(D119,HELPER_SUBJECTS!D:D,HELPER_SUBJECTS!F:F) -> 0
AC120: =_xlfn.XLOOKUP(D120,HELPER_SUBJECTS!D:D,HELPER_SUBJECTS!F:F) -> 0
AC121: =_xlfn.XLOOKUP(D121,HELPER_SUBJECTS!D:D,HELPER_SUBJECTS!F:F) -> 0
AC122: =_xlfn.XLOOKUP(D122,HELPER_SUBJECTS!D:D,HELPER_SUBJECTS!F:F) -> 0
AC123: =_xlfn.XLOOKUP(D123,HELPER_SUBJECTS!D:D,HELPER_SUBJECTS!F:F) -> 0
AC124: =_xlfn.XLOOKUP(D124,HELPER_SUBJECTS!D:D,HELPER_SUBJECTS!F:F) -> 0
AC125: =_xlfn.XLOOKUP(D125,HELPER_SUBJECTS!D:D,HELPER_SUBJECTS!F:F) -> 0
AC126: =_xlfn.XLOOKUP(D126,HELPER_SUBJECTS!D:D,HELPER_SUBJECTS!F:F) -> 0
AC127: =_xlfn.XLOOKUP(D127,HELPER_SUBJECTS!D:D,HELPER_SUBJECTS!F:F) -> 0
...

Sheet ANNEX
H1: SF10 for SHS
A3: ANNEX: LIST OF SUBJECTS TAKEN
A4: Please check the subjects passed by the student
A6: CORE SUBJECTS | I6: REMARK | J6: SOURCE
A7: 1 | B7: =IF(I7="PASSED","P"," ") | D7: Effective Communication & Mabisang Komunikasyon | I7: =_xlfn.XLOOKUP(D7,FRONT!$D$104:$D$122,FRONT!$X$104:$X$122)
A8: 1A | B8: =IF(I8="PASSED","P"," ") | D8: Effective Communication | I8: =_xlfn.XLOOKUP(D8,FRONT!$D$104:$D$122,FRONT!$X$104:$X$122)
A9: 1B | B9: =IF(I9="PASSED","P"," ") | D9: Mabisang Komunikasyon | I9: =_xlfn.XLOOKUP(D9,FRONT!$D$104:$D$122,FRONT!$X$104:$X$122)
A10: 2 | B10: =IF(I10="PASSED","P"," ") | D10: General Mathematics | I10: =_xlfn.XLOOKUP(D10,FRONT!$D$104:$D$122,FRONT!$X$104:$X$122)
A11: 3 | B11: =IF(I11="PASSED","P"," ") | D11: General Science | I11: =_xlfn.XLOOKUP(D11,FRONT!$D$104:$D$122,FRONT!$X$104:$X$122)
A12: 4 | B12: =IF(I12="PASSED","P"," ") | D12: Life and Career Skills | I12: =_xlfn.XLOOKUP(D12,FRONT!$D$104:$D$122,FRONT!$X$104:$X$122)
A13: 5 | B13: =IF(I13="PASSED","P"," ") | D13: Pag-aaral ng Kasaysayan at Lipunang Pilipino | I13: =_xlfn.XLOOKUP(D13,FRONT!$D$104:$D$122,FRONT!$X$104:$X$122)
A16: ACADEMIC ELECTIVES
A17: 1 | B17: =IF(I17="PASSED","P"," ") | I17: =IFERROR(_xlfn.XLOOKUP(D17,FRONT!$D$104:$D$122,FRONT!$X$104:$X$122),FALSE)
A18: 2 | B18: =IF(I18="PASSED","P"," ") | I18: =IFERROR(_xlfn.XLOOKUP(D18,FRONT!$D$104:$D$122,FRONT!$X$104:$X$122),FALSE)
A19: 3 | B19: =IF(I19="PASSED","P"," ") | I19: =IFERROR(_xlfn.XLOOKUP(D19,FRONT!$D$104:$D$122,FRONT!$X$104:$X$122),FALSE)
A20: 4 | B20: =IF(I20="PASSED","P"," ") | I20: =IFERROR(_xlfn.XLOOKUP(D20,FRONT!$D$104:$D$122,FRONT!$X$104:$X$122),FALSE)
A21: 5 | B21: =IF(I21="PASSED","P"," ") | I21: =IFERROR(_xlfn.XLOOKUP(D21,FRONT!$D$104:$D$122,FRONT!$X$104:$X$122),FALSE)
A22: 6 | B22: =IF(I22="PASSED","P"," ") | I22: =IFERROR(_xlfn.XLOOKUP(D22,FRONT!$D$104:$D$122,FRONT!$X$104:$X$122),FALSE)
A23: 7 | B23: =IF(I23="PASSED","P"," ") | I23: =IFERROR(_xlfn.XLOOKUP(D23,FRONT!$D$104:$D$122,FRONT!$X$104:$X$122),FALSE)
A24: 8 | B24: =IF(I24="PASSED","P"," ") | I24: =IFERROR(_xlfn.XLOOKUP(D24,FRONT!$D$104:$D$122,FRONT!$X$104:$X$122),FALSE)
A25: 9 | B25: =IF(I25="PASSED","P"," ") | I25: =IFERROR(_xlfn.XLOOKUP(D25,FRONT!$D$104:$D$122,FRONT!$X$104:$X$122),FALSE)
A26: 10 | B26: =IF(I26="PASSED","P"," ") | I26: =IFERROR(_xlfn.XLOOKUP(D26,FRONT!$D$104:$D$122,FRONT!$X$104:$X$122),FALSE)
A27: 11 | B27: =IF(I27="PASSED","P"," ") | I27: =IFERROR(_xlfn.XLOOKUP(D27,FRONT!$D$104:$D$122,FRONT!$X$104:$X$122),FALSE)
A28: 12 | B28: =IF(I28="PASSED","P"," ") | I28: =IFERROR(_xlfn.XLOOKUP(D28,FRONT!$D$104:$D$122,FRONT!$X$104:$X$122),FALSE)
... A31: 15 | B31: =IF(I31="PASSED","P"," ") | I31: =IFERROR(_xlfn.XLOOKUP(D31,FRONT!$D$104:$D$122,FRONT!$X$104:$X$122),FALSE)
A33: TECHPRO ELECTIVES
A34: 1 | B34: =IF(I34="PASSED","P"," ") | I34: =IFERROR(_xlfn.XLOOKUP(D34,FRONT!$D$104:$D$122,FRONT!$X$104:$X$122),FALSE)
A35: 2 | B35: =IF(I35="PASSED","P"," ") | I35: =IFERROR(_xlfn.XLOOKUP(D35,FRONT!$D$104:$D$122,FRONT!$X$104:$X$122),FALSE)
A36: 3 | B36: =IF(I36="PASSED","P"," ") | I36: =IFERROR(_xlfn.XLOOKUP(D36,FRONT!$D$104:$D$122,FRONT!$X$104:$X$122),FALSE)
A37: 4 | B37: =IF(I37="PASSED","P"," ") | I37: =IFERROR(_xlfn.XLOOKUP(D37,FRONT!$D$104:$D$122,FRONT!$X$104:$X$122),FALSE)
A38: 5 | B38: =IF(I38="PASSED","P"," ") | I38: =IFERROR(_xlfn.XLOOKUP(D38,FRONT!$D$104:$D$122,FRONT!$X$104:$X$122),FALSE)
A39: 6 | B39: =IF(I39="PASSED","P"," ") | I39: =IFERROR(_xlfn.XLOOKUP(D39,FRONT!$D$104:$D$122,FRONT!$X$104:$X$122),FALSE)
A40: 7 | B40: =IF(I40="PASSED","P"," ") | I40: =IFERROR(_xlfn.XLOOKUP(D40,FRONT!$D$104:$D$122,FRONT!$X$104:$X$122),FALSE)
A41: 8 | B41: =IF(I41="PASSED","P"," ") | I41: =IFERROR(_xlfn.XLOOKUP(D41,FRONT!$D$104:$D$122,FRONT!$X$104:$X$122),FALSE)
A42: 9 | B42: =IF(I42="PASSED","P"," ") | I42: =IFERROR(_xlfn.XLOOKUP(D42,FRONT!$D$104:$D$122,FRONT!$X$104:$X$122),FALSE)
A43: 10 | B43: =IF(I43="PASSED","P"," ") | I43: =IFERROR(_xlfn.XLOOKUP(D43,FRONT!$D$104:$D$122,FRONT!$X$104:$X$122),FALSE)
A44: 11 | B44: =IF(I44="PASSED","P"," ") | I44: =IFERROR(_xlfn.XLOOKUP(D44,FRONT!$D$104:$D$122,FRONT!$X$104:$X$122),FALSE)
A45: 12 | B45: =IF(I45="PASSED","P"," ") | I45: =IFERROR(_xlfn.XLOOKUP(D45,FRONT!$D$104:$D$122,FRONT!$X$104:$X$122),FALSE)
... A48: 15 | B48: =IF(I48="PASSED","P"," ") | I48: =IFERROR(_xlfn.XLOOKUP(D48,FRONT!$D$104:$D$122,FRONT!$X$104:$X$122),FALSE)
A50: OTHER SUBJECTS | H50: Please list the subjects and indicate the corresponding number of quarters in which they are offered (2 or 4).
D51: Track | F51: Subject | H51: No. of Quarters
A52: 1 | B52: =IF(I52="PASSED","P"," ") | I52: =IFERROR(_xlfn.XLOOKUP(F52,FRONT!$D$104:$D$122,FRONT!$X$104:$X$122),FALSE)
A53: 2 | B53: =IF(I53="PASSED","P"," ") | I53: =IFERROR(_xlfn.XLOOKUP(F53,FRONT!$D$104:$D$122,FRONT!$X$104:$X$122),FALSE)
A54: 3 | B54: =IF(I54="PASSED","P"," ") | I54: =IFERROR(_xlfn.XLOOKUP(F54,FRONT!$D$104:$D$122,FRONT!$X$104:$X$122),FALSE)
A55: 4 | B55: =IF(I55="PASSED","P"," ") | I55: =IFERROR(_xlfn.XLOOKUP(F55,FRONT!$D$104:$D$122,FRONT!$X$104:$X$122),FALSE)
A56: 5 | B56: =IF(I56="PASSED","P"," ") | I56: =IFERROR(_xlfn.XLOOKUP(F56,FRONT!$D$104:$D$122,FRONT!$X$104:$X$122),FALSE)
A57: 6 | B57: =IF(I57="PASSED","P"," ") | I57: =IFERROR(_xlfn.XLOOKUP(F57,FRONT!$D$104:$D$122,FRONT!$X$104:$X$122),FALSE)
A58: 7 | B58: =IF(I58="PASSED","P"," ") | I58: =IFERROR(_xlfn.XLOOKUP(F58,FRONT!$D$104:$D$122,FRONT!$X$104:$X$122),FALSE)
A59: 8 | B59: =IF(I59="PASSED","P"," ") | I59: =IFERROR(_xlfn.XLOOKUP(F59,FRONT!$D$104:$D$122,FRONT!$X$104:$X$122),FALSE)
A60: 9 | B60: =IF(I60="PASSED","P"," ") | I60: =IFERROR(_xlfn.XLOOKUP(F60,FRONT!$D$104:$D$122,FRONT!$X$104:$X$122),FALSE)
A61: 10 | B61: =IF(I61="PASSED","P"," ") | I61: =IFERROR(_xlfn.XLOOKUP(F61,FRONT!$D$104:$D$122,FRONT!$X$104:$X$122),FALSE)

Sheet HELPER_SUBJECTS
X1: SUBJECTS | Y1: 11 | Z1: 12 | AA1: REMARKS | AB1: Elective | AC1: Cluster | AD1: Subject | AE1: Q1 | AF1: Q2 | AG1: Q3 | AH1: Q4 | AI1: Remediation
A2: > | B2: HELPER SHEET | S2: Final List of Subjects for Dropdown | X2: Core Subject (All Tracks) | Y2: 4 | AB2: Core Subject (All Tracks) | AC2: CORE | AD2: Effective Communication
A3: >> | B3: SSHSSF102026 | M3: CORE | N3: ACADEMIC | P3: TECHPRO | S3: ACADEMIC 11 | T3: TECHPRO 11 | U3: ACADEMIC 12 | V3: TECHPRO 12 | X3: Academic Elective (All Other Electives) | Y3: 2 | Z3: 2 | AB3: Core Subject (All Tracks) | AC3: CORE | AD3: Mabisang Komunikasyon
M4: 'HELPER_SUBJECTS'!m7:m76 | N4: 'HELPER_SUBJECTS'!n7:n76 | P4: 'HELPER_SUBJECTS'!p7:p76 | S4: 'HELPER_SUBJECTS'!S7:S76 | T4: 'HELPER_SUBJECTS'!T7:T76 | U4: 'HELPER_SUBJECTS'!U7:U76 | V4: 'HELPER_SUBJECTS'!V7:V76 | X4: Academic Elective (Field Experience / Exposure, and Sports and Arts) | Y4: 2 | Z4: 2 | AB4: Core Subject (All Tracks) | AC4: CORE | AD4: General Mathematics
B5: Track | C5: Cluster | D5: Subject | E5: HELPER | F5: 11 | G5: 12 | H5: Grade Lvl | K5: TRACK/CLUSTER | M5: SUBJECTS | N5: SUBJECTS | O5: G LVL | P5: SUBJECTS | Q5: G LVL | S5: SUBJECTS | T5: SUBJECTS | U5: SUBJECTS | V5: SUBJECTS | X5: TechPro Elective (All Other Electives) | Y5: 4 | Z5: 2 | AB5: Core Subject (All Tracks) | AC5: CORE | AD5: General Science
B6: CORE | C6: CORE | D6: Effective Communication | E6: =B6&" - "&C6 -> CORE - CORE | F6: 4 | H6: =IF(AND(F6<>"",G6<>""),"11/12",IF(F6<>"",11,12)) -> 11 | I6: {=_xlfn.UNIQUE(B6:B137)} -> CORE | J6: 'HELPER_SUBJECTS'!L6:L11 | X6: TechPro Elective (Work Immersion) | Y6: 4 | Z6: 2 | AB6: Core Subject (All Tracks) | AC6: CORE | AD6: Life and Career Skills
B7: CORE | C7: CORE | D7: Mabisang Komunikasyon | E7: =B7&" - "&C7 -> CORE - CORE | F7: 4 | H7: =IF(AND(F7<>"",G7<>""),"11/12",IF(F7<>"",11,12)) -> 11 | I7: ACADEMIC | J7: 'HELPER_SUBJECTS'!M6:M76 | K7: ACADEMIC - ARTS, SOCIAL SCIENCE AND HUMANITIES CLUSTER | L7: {=_xlfn.SEQUENCE(70)} -> 1 | M7: Effective Communication | N7: {=_xlfn._xlws.FILTER( _xlfn.VSTACK( ANNEX!D17:D31, IFERROR(_xlfn._xlws.FILTER(ANNEX!F52:F61, ANNEX!D52:D61="ACADEMIC"), "") ), _xlfn.VSTACK( ANNEX!D17:D31, IFERROR(_xlfn._xlws.FILTER(ANNEX!F52:F61, ANNEX!D52:D61="ACADEMIC"), "") )<>"" )} -> #VALUE! | O7: =_xlfn.IFNA(IF(N7<>"",_xlfn.XLOOKUP(N7,$D$6:$D$138,$H$6:$H$138),""),"11/12") -> #VALUE! | P7: {=_xlfn._xlws.FILTER( _xlfn.VSTACK( ANNEX!D34:D48, IFERROR(_xlfn._xlws.FILTER(ANNEX!F52:F61, ANNEX!D52:D61="TECHPRO"), "") ), _xlfn.VSTACK( ANNEX!D34:D48, IFERROR(_xlfn._xlws.FILTER(ANNEX!F52:F61, ANNEX!D52:D61="TECHPRO"), "") )<>"" )} -> #VALUE! | Q7: =_xlfn.IFNA(IF(P7<>"",_xlfn.XLOOKUP(P7,$D$6:$D$138,$H$6:$H$138),""),"11/12") -> #VALUE! | R7: {=_xlfn.SEQUENCE(70)} -> 1 | S7: {=IFERROR(_xlfn._xlws.FILTER($N$7:$N$76,ISNUMBER(SEARCH("11",$O$7:$O$76))),"List ACADEMIC ELECTIVES in the ANNEX sheet.")} -> List ACADEMIC ELECTIVES in the ANNEX sheet. | T7: {=IFERROR(_xlfn._xlws.FILTER($P$7:$P$76, ISNUMBER(SEARCH("11", $Q$7:$Q$76))),"List TECHPRO electives in the ANNEX sheet.")} -> List TECHPRO electives in the ANNEX sheet. | U7: {=IFERROR(_xlfn._xlws.FILTER($N$7:$N$76,ISNUMBER(SEARCH("12",$O$7:$O$76))),"List ACADEMIC ELECTIVES in the ANNEX sheet.")} -> List ACADEMIC ELECTIVES in the ANNEX sheet. | V7: {=IFERROR(_xlfn._xlws.FILTER($P$7:$P$76, ISNUMBER(SEARCH("12", $Q$7:$Q$76))),"List TECHPRO ELECTIVES in the ANNEX sheet.")} -> List TECHPRO ELECTIVES in the ANNEX sheet. | AB7: Core Subject (All Tracks) | AC7: CORE | AD7: Pag-aaral ng Kasaysayan at Lipunang Pilipino
B8: CORE | C8: CORE | D8: General Mathematics | E8: =B8&" - "&C8 -> CORE - CORE | F8: 4 | H8: =IF(AND(F8<>"",G8<>""),"11/12",IF(F8<>"",11,12)) -> 11 | I8: TECHPRO | J8: 'HELPER_SUBJECTS'!N6:N76 | K8: ACADEMIC - BUSINESS AND ENTREPRENEURSHIP | L8: 2 | M8: Mabisang Komunikasyon | O8: =_xlfn.IFNA(IF(N8<>"",_xlfn.XLOOKUP(N8,$D$6:$D$138,$H$6:$H$138),""),"11/12") | Q8: =_xlfn.IFNA(IF(P8<>"",_xlfn.XLOOKUP(P8,$D$6:$D$138,$H$6:$H$138),""),"11/12") | R8: 2 | AB8: Academic Elective (All Other Electives) | AC8: ARTS, SOCIAL SCIENCE AND HUMANITIES CLUSTER | AD8: Arts 1 (Creative Industries - Visual Art, Literary Art, Media Art, Applied Art, and Traditional Art)
B9: CORE | C9: CORE | D9: General Science | E9: =B9&" - "&C9 -> CORE - CORE | F9: 4 | H9: =IF(AND(F9<>"",G9<>""),"11/12",IF(F9<>"",11,12)) -> 11 | K9: ACADEMIC - SCIENCE, TECHNOLOGY, ENGINEERING AND MATHEMATICS | L9: 3 | M9: General Mathematics | O9: =_xlfn.IFNA(IF(N9<>"",_xlfn.XLOOKUP(N9,$D$6:$D$138,$H$6:$H$138),""),"11/12") | Q9: =_xlfn.IFNA(IF(P9<>"",_xlfn.XLOOKUP(P9,$D$6:$D$138,$H$6:$H$138),""),"11/12") | R9: 3 | AB9: Academic Elective (All Other Electives) | AC9: ARTS, SOCIAL SCIENCE AND HUMANITIES CLUSTER | AD9: Arts 2 (Creative Industries - Music, Dance, and Theater)
B10: CORE | C10: CORE | D10: Life and Career Skills | E10: =B10&" - "&C10 -> CORE - CORE | F10: 4 | H10: =IF(AND(F10<>"",G10<>""),"11/12",IF(F10<>"",11,12)) -> 11 | K10: ACADEMIC - SPORTS, HEALTH AND WELLNESS | L10: 4 | M10: General Science | O10: =_xlfn.IFNA(IF(N10<>"",_xlfn.XLOOKUP(N10,$D$6:$D$138,$H$6:$H$138),""),"11/12") | Q10: =_xlfn.IFNA(IF(P10<>"",_xlfn.XLOOKUP(P10,$D$6:$D$138,$H$6:$H$138),""),"11/12") | R10: 4 | AB10: Academic Elective (All Other Electives) | AC10: ARTS, SOCIAL SCIENCE AND HUMANITIES CLUSTER | AD10: Filipino Identity Through the Arts
B11: CORE | C11: CORE | D11: Pag-aaral ng Kasaysayan at Lipunang Pilipino | E11: =B11&" - "&C11 -> CORE - CORE | F11: 4 | H11: =IF(AND(F11<>"",G11<>""),"11/12",IF(F11<>"",11,12)) -> 11 | I11: GRADING SYSTEM | K11: ACADEMIC - FIELD EXPOSURE, ARTS AND SPORTS | L11: 5 | M11: Life and Career Skills | O11: =_xlfn.IFNA(IF(N11<>"",_xlfn.XLOOKUP(N11,$D$6:$D$138,$H$6:$H$138),""),"11/12") | Q11: =_xlfn.IFNA(IF(P11<>"",_xlfn.XLOOKUP(P11,$D$6:$D$138,$H$6:$H$138),""),"11/12") | R11: 5 | AB11: Academic Elective (All Other Electives) | AC11: ARTS, SOCIAL SCIENCE AND HUMANITIES CLUSTER | AD11: Leadership and Mangement in the Arts
B12: ACADEMIC | C12: ARTS, SOCIAL SCIENCE AND HUMANITIES CLUSTER | D12: Arts 1 (Creative Industries - Visual Art, Literary Art, Media Art, Applied Art, and Traditional Art) | E12: =B12&" - "&C12 -> ACADEMIC - ARTS, SOCIAL SCIENCE AND HUMANITIES CLUSTER | F12: 2 | H12: =IF(AND(F12<>"",G12<>""),"11/12",IF(F12<>"",11,12)) -> 11 | I12: Code | J12: Computation | K12: TECHPRO - AESTHETIC, WELLNESS AND HUMAN CARE CLUSTER | L12: 6 | M12: Pag-aaral ng Kasaysayan at Lipunang Pilipino | O12: =_xlfn.IFNA(IF(N12<>"",_xlfn.XLOOKUP(N12,$D$6:$D$138,$H$6:$H$138),""),"11/12") | Q12: =_xlfn.IFNA(IF(P12<>"",_xlfn.XLOOKUP(P12,$D$6:$D$138,$H$6:$H$138),""),"11/12") | R12: 6 | AB12: Academic Elective (All Other Electives) | AC12: ARTS, SOCIAL SCIENCE AND HUMANITIES CLUSTER | AD12: Citizenship and Civic Engagement
B13: ACADEMIC | C13: ARTS, SOCIAL SCIENCE AND HUMANITIES CLUSTER | D13: Arts 2 (Creative Industries - Music, Dance, and Theater) | E13: =B13&" - "&C13 -> ACADEMIC - ARTS, SOCIAL SCIENCE AND HUMANITIES CLUSTER | F13: 2 | H13: =IF(AND(F13<>"",G13<>""),"11/12",IF(F13<>"",11,12)) -> 11 | I13: 2 | J13: Ave. of 2 Qs; Sem. Grade | K13: TECHPRO - AGRI-FISHERY BUSINESS AND FOOD INNOVATION | L13: 7 | O13: =_xlfn.IFNA(IF(N13<>"",_xlfn.XLOOKUP(N13,$D$6:$D$138,$H$6:$H$138),""),"11/12") | Q13: =_xlfn.IFNA(IF(P13<>"",_xlfn.XLOOKUP(P13,$D$6:$D$138,$H$6:$H$138),""),"11/12") | R13: 7 | AB13: Academic Elective (All Other Electives) | AC13: ARTS, SOCIAL SCIENCE AND HUMANITIES CLUSTER | AD13: Contemporary Literature 1
B14: ACADEMIC | C14: ARTS, SOCIAL SCIENCE AND HUMANITIES CLUSTER | D14: Filipino Identity Through the Arts | E14: =B14&" - "&C14 -> ACADEMIC - ARTS, SOCIAL SCIENCE AND HUMANITIES CLUSTER | F14: 2 | H14: =IF(AND(F14<>"",G14<>""),"11/12",IF(F14<>"",11,12)) -> 11 | I14: 4 | J14: Ave. of 4 Qs; No Sem.Grade | K14: TECHPRO - ARTISANRY AND CREATIVE ENTERPRISE | L14: 8 | O14: =_xlfn.IFNA(IF(N14<>"",_xlfn.XLOOKUP(N14,$D$6:$D$138,$H$6:$H$138),""),"11/12") | Q14: =_xlfn.IFNA(IF(P14<>"",_xlfn.XLOOKUP(P14,$D$6:$D$138,$H$6:$H$138),""),"11/12") | R14: 8 | AB14: Academic Elective (All Other Electives) | AC14: ARTS, SOCIAL SCIENCE AND HUMANITIES CLUSTER | AD14: Contemporary Literature 2
B15: ACADEMIC | C15: ARTS, SOCIAL SCIENCE AND HUMANITIES CLUSTER | D15: Leadership and Mangement in the Arts | E15: =B15&" - "&C15 -> ACADEMIC - ARTS, SOCIAL SCIENCE AND HUMANITIES CLUSTER | F15: 2 | H15: =IF(AND(F15<>"",G15<>""),"11/12",IF(F15<>"",11,12)) -> 11 | K15: TECHPRO - AUTOMOTIVE AND SMALL ENGINE TECHNOLOGIES | L15: 9 | O15: =_xlfn.IFNA(IF(N15<>"",_xlfn.XLOOKUP(N15,$D$6:$D$138,$H$6:$H$138),""),"11/12") | Q15: =_xlfn.IFNA(IF(P15<>"",_xlfn.XLOOKUP(P15,$D$6:$D$138,$H$6:$H$138),""),"11/12") | R15: 9 | AB15: Academic Elective (All Other Electives) | AC15: ARTS, SOCIAL SCIENCE AND HUMANITIES CLUSTER | AD15: Creative Composition 1
B16: ACADEMIC | C16: ARTS, SOCIAL SCIENCE AND HUMANITIES CLUSTER | D16: Citizenship and Civic Engagement | E16: =B16&" - "&C16 -> ACADEMIC - ARTS, SOCIAL SCIENCE AND HUMANITIES CLUSTER | F16: 2 | G16: 2 | H16: =IF(AND(F16<>"",G16<>""),"11/12",IF(F16<>"",11,12)) -> 11/12 | K16: TECHPRO - CONSTRUCTION AND BUILDING TECHNOLOGIES | L16: 10 | O16: =_xlfn.IFNA(IF(N16<>"",_xlfn.XLOOKUP(N16,$D$6:$D$138,$H$6:$H$138),""),"11/12") | Q16: =_xlfn.IFNA(IF(P16<>"",_xlfn.XLOOKUP(P16,$D$6:$D$138,$H$6:$H$138),""),"11/12") | R16: 10 | AB16: Academic Elective (All Other Electives) | AC16: ARTS, SOCIAL SCIENCE AND HUMANITIES CLUSTER | AD16: Creative Composition 2
B17: ACADEMIC | C17: ARTS, SOCIAL SCIENCE AND HUMANITIES CLUSTER | D17: Contemporary Literature 1 | E17: =B17&" - "&C17 -> ACADEMIC - ARTS, SOCIAL SCIENCE AND HUMANITIES CLUSTER | F17: 2 | G17: 2 | H17: =IF(AND(F17<>"",G17<>""),"11/12",IF(F17<>"",11,12)) -> 11/12 | K17: TECHPRO - CREATIVE ARTS AND DESIGN TECHNOLOGIES | L17: 11 | O17: =_xlfn.IFNA(IF(N17<>"",_xlfn.XLOOKUP(N17,$D$6:$D$138,$H$6:$H$138),""),"11/12") | Q17: =_xlfn.IFNA(IF(P17<>"",_xlfn.XLOOKUP(P17,$D$6:$D$138,$H$6:$H$138),""),"11/12") | R17: 11 | AB17: Academic Elective (All Other Electives) | AC17: ARTS, SOCIAL SCIENCE AND HUMANITIES CLUSTER | AD17: Filipino 1 (Wika at Komunikasyon sa Akademikong Filipino)
B18: ACADEMIC | C18: ARTS, SOCIAL SCIENCE AND HUMANITIES CLUSTER | D18: Contemporary Literature 2 | E18: =B18&" - "&C18 -> ACADEMIC - ARTS, SOCIAL SCIENCE AND HUMANITIES CLUSTER | F18: 2 | G18: 2 | H18: =IF(AND(F18<>"",G18<>""),"11/12",IF(F18<>"",11,12)) -> 11/12 | K18: TECHPRO - HOSPITALITY AND TOURISM | L18: 12 | O18: =_xlfn.IFNA(IF(N18<>"",_xlfn.XLOOKUP(N18,$D$6:$D$138,$H$6:$H$138),""),"11/12") | Q18: =_xlfn.IFNA(IF(P18<>"",_xlfn.XLOOKUP(P18,$D$6:$D$138,$H$6:$H$138),""),"11/12") | R18: 12 | AB18: Academic Elective (All Other Electives) | AC18: ARTS, SOCIAL SCIENCE AND HUMANITIES CLUSTER | AD18: Filipino 2 (Filipino para sa Larang Teknikal-Propesyonal)
B19: ACADEMIC | C19: ARTS, SOCIAL SCIENCE AND HUMANITIES CLUSTER | D19: Creative Composition 1 | E19: =B19&" - "&C19 -> ACADEMIC - ARTS, SOCIAL SCIENCE AND HUMANITIES CLUSTER | F19: 2 | H19: =IF(AND(F19<>"",G19<>""),"11/12",IF(F19<>"",11,12)) -> 11 | K19: TECHPRO - INDUSTRIAL TECHNOLOGIES | L19: 13 | O19: =_xlfn.IFNA(IF(N19<>"",_xlfn.XLOOKUP(N19,$D$6:$D$138,$H$6:$H$138),""),"11/12") | Q19: =_xlfn.IFNA(IF(P19<>"",_xlfn.XLOOKUP(P19,$D$6:$D$138,$H$6:$H$138),""),"11/12") | R19: 13 | AB19: Academic Elective (All Other Electives) | AC19: ARTS, SOCIAL SCIENCE AND HUMANITIES CLUSTER | AD19: Filipino 2 (Filipino sa Isports)
B20: ACADEMIC | C20: ARTS, SOCIAL SCIENCE AND HUMANITIES CLUSTER | D20: Creative Composition 2 | E20: =B20&" - "&C20 -> ACADEMIC - ARTS, SOCIAL SCIENCE AND HUMANITIES CLUSTER | F20: 2 | H20: =IF(AND(F20<>"",G20<>""),"11/12",IF(F20<>"",11,12)) -> 11 | K20: TECHPRO - ICT SUPPORT AND COMPUTER PROGRAMMING TECHNOLOGIES | L20: 14 | O20: =_xlfn.IFNA(IF(N20<>"",_xlfn.XLOOKUP(N20,$D$6:$D$138,$H$6:$H$138),""),"11/12") | Q20: =_xlfn.IFNA(IF(P20<>"",_xlfn.XLOOKUP(P20,$D$6:$D$138,$H$6:$H$138),""),"11/12") | R20: 14 | AB20: Academic Elective (All Other Electives) | AC20: ARTS, SOCIAL SCIENCE AND HUMANITIES CLUSTER | AD20: Filipino 2 (Filipino sa Sining at Disenyo)
B21: ACADEMIC | C21: ARTS, SOCIAL SCIENCE AND HUMANITIES CLUSTER | D21: Filipino 1 (Wika at Komunikasyon sa Akademikong Filipino) | E21: =B21&" - "&C21 -> ACADEMIC - ARTS, SOCIAL SCIENCE AND HUMANITIES CLUSTER | F21: 2 | G21: 2 | H21: =IF(AND(F21<>"",G21<>""),"11/12",IF(F21<>"",11,12)) -> 11/12 | K21: TECHPRO - MARITIME TRANSPORT | L21: 15 | O21: =_xlfn.IFNA(IF(N21<>"",_xlfn.XLOOKUP(N21,$D$6:$D$138,$H$6:$H$138),""),"11/12") | Q21: =_xlfn.IFNA(IF(P21<>"",_xlfn.XLOOKUP(P21,$D$6:$D$138,$H$6:$H$138),""),"11/12") | R21: 15 | AB21: Academic Elective (All Other Electives) | AC21: ARTS, SOCIAL SCIENCE AND HUMANITIES CLUSTER | AD21: Introduction to Philosophy
B22: ACADEMIC | C22: ARTS, SOCIAL SCIENCE AND HUMANITIES CLUSTER | D22: Filipino 2 (Filipino para sa Larang Teknikal-Propesyonal) | E22: =B22&" - "&C22 -> ACADEMIC - ARTS, SOCIAL SCIENCE AND HUMANITIES CLUSTER | F22: 2 | G22: 2 | H22: =IF(AND(F22<>"",G22<>""),"11/12",IF(F22<>"",11,12)) -> 11/12 | L22: 16 | O22: =_xlfn.IFNA(IF(N22<>"",_xlfn.XLOOKUP(N22,$D$6:$D$138,$H$6:$H$138),""),"11/12") | Q22: =_xlfn.IFNA(IF(P22<>"",_xlfn.XLOOKUP(P22,$D$6:$D$138,$H$6:$H$138),""),"11/12") | R22: 16 | AB22: Academic Elective (All Other Electives) | AC22: ARTS, SOCIAL SCIENCE AND HUMANITIES CLUSTER | AD22: Malikhaing Pagsulat
B23: ACADEMIC | C23: ARTS, SOCIAL SCIENCE AND HUMANITIES CLUSTER | D23: Filipino 2 (Filipino sa Isports) | E23: =B23&" - "&C23 -> ACADEMIC - ARTS, SOCIAL SCIENCE AND HUMANITIES CLUSTER | F23: 2 | G23: 2 | H23: =IF(AND(F23<>"",G23<>""),"11/12",IF(F23<>"",11,12)) -> 11/12 | L23: 17 | O23: =_xlfn.IFNA(IF(N23<>"",_xlfn.XLOOKUP(N23,$D$6:$D$138,$H$6:$H$138),""),"11/12") | Q23: =_xlfn.IFNA(IF(P23<>"",_xlfn.XLOOKUP(P23,$D$6:$D$138,$H$6:$H$138),""),"11/12") | R23: 17 | AB23: Academic Elective (All Other Electives) | AC23: ARTS, SOCIAL SCIENCE AND HUMANITIES CLUSTER | AD23: Philippine Governance (Philippine Politics and Governance)
B24: ACADEMIC | C24: ARTS, SOCIAL SCIENCE AND HUMANITIES CLUSTER | D24: Filipino 2 (Filipino sa Sining at Disenyo) | E24: =B24&" - "&C24 -> ACADEMIC - ARTS, SOCIAL SCIENCE AND HUMANITIES CLUSTER | F24: 2 | G24: 2 | H24: =IF(AND(F24<>"",G24<>""),"11/12",IF(F24<>"",11,12)) -> 11/12 | L24: 18 | O24: =_xlfn.IFNA(IF(N24<>"",_xlfn.XLOOKUP(N24,$D$6:$D$138,$H$6:$H$138),""),"11/12") | Q24: =_xlfn.IFNA(IF(P24<>"",_xlfn.XLOOKUP(P24,$D$6:$D$138,$H$6:$H$138),""),"11/12") | R24: 18 | AB24: Academic Elective (All Other Electives) | AC24: ARTS, SOCIAL SCIENCE AND HUMANITIES CLUSTER | AD24: Social Sciences (Theory and Practice)
B25: ACADEMIC | C25: ARTS, SOCIAL SCIENCE AND HUMANITIES CLUSTER | D25: Introduction to Philosophy | E25: =B25&" - "&C25 -> ACADEMIC - ARTS, SOCIAL SCIENCE AND HUMANITIES CLUSTER | F25: 2 | G25: 2 | H25: =IF(AND(F25<>"",G25<>""),"11/12",IF(F25<>"",11,12)) -> 11/12 | L25: 19 | O25: =_xlfn.IFNA(IF(N25<>"",_xlfn.XLOOKUP(N25,$D$6:$D$138,$H$6:$H$138),""),"11/12") | Q25: =_xlfn.IFNA(IF(P25<>"",_xlfn.XLOOKUP(P25,$D$6:$D$138,$H$6:$H$138),""),"11/12") | R25: 19 | AB25: Academic Elective (All Other Electives) | AC25: BUSINESS AND ENTREPRENEURSHIP | AD25: Business 1 (Basic Accounting)
B26: ACADEMIC | C26: ARTS, SOCIAL SCIENCE AND HUMANITIES CLUSTER | D26: Malikhaing Pagsulat | E26: =B26&" - "&C26 -> ACADEMIC - ARTS, SOCIAL SCIENCE AND HUMANITIES CLUSTER | F26: 2 | G26: 2 | H26: =IF(AND(F26<>"",G26<>""),"11/12",IF(F26<>"",11,12)) -> 11/12 | L26: 20 | O26: =_xlfn.IFNA(IF(N26<>"",_xlfn.XLOOKUP(N26,$D$6:$D$138,$H$6:$H$138),""),"11/12") | Q26: =_xlfn.IFNA(IF(P26<>"",_xlfn.XLOOKUP(P26,$D$6:$D$138,$H$6:$H$138),""),"11/12") | R26: 20 | AB26: Academic Elective (All Other Electives) | AC26: BUSINESS AND ENTREPRENEURSHIP | AD26: Business 2 (Business Finance and Income Taxation)
B27: ACADEMIC | C27: ARTS, SOCIAL SCIENCE AND HUMANITIES CLUSTER | D27: Philippine Governance (Philippine Politics and Governance) | E27: =B27&" - "&C27 -> ACADEMIC - ARTS, SOCIAL SCIENCE AND HUMANITIES CLUSTER | F27: 2 | G27: 2 | H27: =IF(AND(F27<>"",G27<>""),"11/12",IF(F27<>"",11,12)) -> 11/12 | L27: 21 | O27: =_xlfn.IFNA(IF(N27<>"",_xlfn.XLOOKUP(N27,$D$6:$D$138,$H$6:$H$138),""),"11/12") | Q27: =_xlfn.IFNA(IF(P27<>"",_xlfn.XLOOKUP(P27,$D$6:$D$138,$H$6:$H$138),""),"11/12") | R27: 21 | AB27: Academic Elective (All Other Electives) | AC27: BUSINESS AND ENTREPRENEURSHIP | AD27: Business 3 (Business Economics)
B28: ACADEMIC | C28: ARTS, SOCIAL SCIENCE AND HUMANITIES CLUSTER | D28: Social Sciences (Theory and Practice) | E28: =B28&" - "&C28 -> ACADEMIC - ARTS, SOCIAL SCIENCE AND HUMANITIES CLUSTER | F28: 2 | G28: 2 | H28: =IF(AND(F28<>"",G28<>""),"11/12",IF(F28<>"",11,12)) -> 11/12 | L28: 22 | O28: =_xlfn.IFNA(IF(N28<>"",_xlfn.XLOOKUP(N28,$D$6:$D$138,$H$6:$H$138),""),"11/12") | Q28: =_xlfn.IFNA(IF(P28<>"",_xlfn.XLOOKUP(P28,$D$6:$D$138,$H$6:$H$138),""),"11/12") | R28: 22 | AB28: Academic Elective (All Other Electives) | AC28: BUSINESS AND ENTREPRENEURSHIP | AD28: Contemporary Marketing
B29: ACADEMIC | C29: BUSINESS AND ENTREPRENEURSHIP | D29: Business 1 (Basic Accounting) | E29: =B29&" - "&C29 -> ACADEMIC - BUSINESS AND ENTREPRENEURSHIP | F29: 2 | G29: 2 | H29: =IF(AND(F29<>"",G29<>""),"11/12",IF(F29<>"",11,12)) -> 11/12 | L29: 23 | O29: =_xlfn.IFNA(IF(N29<>"",_xlfn.XLOOKUP(N29,$D$6:$D$138,$H$6:$H$138),""),"11/12") | Q29: =_xlfn.IFNA(IF(P29<>"",_xlfn.XLOOKUP(P29,$D$6:$D$138,$H$6:$H$138),""),"11/12") | R29: 23 | AB29: Academic Elective (All Other Electives) | AC29: BUSINESS AND ENTREPRENEURSHIP | AD29: Entrepreneurship
B30: ACADEMIC | C30: BUSINESS AND ENTREPRENEURSHIP | D30: Business 2 (Business Finance and Income Taxation) | E30: =B30&" - "&C30 -> ACADEMIC - BUSINESS AND ENTREPRENEURSHIP | F30: 2 | G30: 2 | H30: =IF(AND(F30<>"",G30<>""),"11/12",IF(F30<>"",11,12)) -> 11/12 | L30: 24 | O30: =_xlfn.IFNA(IF(N30<>"",_xlfn.XLOOKUP(N30,$D$6:$D$138,$H$6:$H$138),""),"11/12") | Q30: =_xlfn.IFNA(IF(P30<>"",_xlfn.XLOOKUP(P30,$D$6:$D$138,$H$6:$H$138),""),"11/12") | R30: 24 | AB30: Academic Elective (All Other Electives) | AC30: BUSINESS AND ENTREPRENEURSHIP | AD30: Introduction to Organization and Management
B31: ACADEMIC | C31: BUSINESS AND ENTREPRENEURSHIP | D31: Business 3 (Business Economics) | E31: =B31&" - "&C31 -> ACADEMIC - BUSINESS AND ENTREPRENEURSHIP | F31: 2 | G31: 2 | H31: =IF(AND(F31<>"",G31<>""),"11/12",IF(F31<>"",11,12)) -> 11/12 | L31: 25 | O31: =_xlfn.IFNA(IF(N31<>"",_xlfn.XLOOKUP(N31,$D$6:$D$138,$H$6:$H$138),""),"11/12") | Q31: =_xlfn.IFNA(IF(P31<>"",_xlfn.XLOOKUP(P31,$D$6:$D$138,$H$6:$H$138),""),"11/12") | R31: 25 | AB31: Academic Elective (All Other Electives) | AC31: SCIENCE, TECHNOLOGY, ENGINEERING AND MATHEMATICS | AD31: Advanced Mathematics 1
B32: ACADEMIC | C32: BUSINESS AND ENTREPRENEURSHIP | D32: Contemporary Marketing | E32: =B32&" - "&C32 -> ACADEMIC - BUSINESS AND ENTREPRENEURSHIP | F32: 2 | G32: 2 | H32: =IF(AND(F32<>"",G32<>""),"11/12",IF(F32<>"",11,12)) -> 11/12 | L32: 26 | O32: =_xlfn.IFNA(IF(N32<>"",_xlfn.XLOOKUP(N32,$D$6:$D$138,$H$6:$H$138),""),"11/12") | Q32: =_xlfn.IFNA(IF(P32<>"",_xlfn.XLOOKUP(P32,$D$6:$D$138,$H$6:$H$138),""),"11/12") | R32: 26 | AB32: Academic Elective (All Other Electives) | AC32: SCIENCE, TECHNOLOGY, ENGINEERING AND MATHEMATICS | AD32: Advanced Mathematics 2
B33: ACADEMIC | C33: BUSINESS AND ENTREPRENEURSHIP | D33: Entrepreneurship | E33: =B33&" - "&C33 -> ACADEMIC - BUSINESS AND ENTREPRENEURSHIP | F33: 2 | G33: 2 | H33: =IF(AND(F33<>"",G33<>""),"11/12",IF(F33<>"",11,12)) -> 11/12 | L33: 27 | O33: =_xlfn.IFNA(IF(N33<>"",_xlfn.XLOOKUP(N33,$D$6:$D$138,$H$6:$H$138),""),"11/12") | Q33: =_xlfn.IFNA(IF(P33<>"",_xlfn.XLOOKUP(P33,$D$6:$D$138,$H$6:$H$138),""),"11/12") | R33: 27 | AB33: Academic Elective (All Other Electives) | AC33: SCIENCE, TECHNOLOGY, ENGINEERING AND MATHEMATICS | AD33: Biology 1
B34: ACADEMIC | C34: BUSINESS AND ENTREPRENEURSHIP | D34: Introduction to Organization and Management | E34: =B34&" - "&C34 -> ACADEMIC - BUSINESS AND ENTREPRENEURSHIP | F34: 2 | G34: 2 | H34: =IF(AND(F34<>"",G34<>""),"11/12",IF(F34<>"",11,12)) -> 11/12 | L34: 28 | O34: =_xlfn.IFNA(IF(N34<>"",_xlfn.XLOOKUP(N34,$D$6:$D$138,$H$6:$H$138),""),"11/12") | Q34: =_xlfn.IFNA(IF(P34<>"",_xlfn.XLOOKUP(P34,$D$6:$D$138,$H$6:$H$138),""),"11/12") | R34: 28 | AB34: Academic Elective (All Other Electives) | AC34: SCIENCE, TECHNOLOGY, ENGINEERING AND MATHEMATICS | AD34: Biology 2
B35: ACADEMIC | C35: SCIENCE, TECHNOLOGY, ENGINEERING AND MATHEMATICS | D35: Advanced Mathematics 1 | E35: =B35&" - "&C35 -> ACADEMIC - SCIENCE, TECHNOLOGY, ENGINEERING AND MATHEMATICS | G35: 2 | H35: =IF(AND(F35<>"",G35<>""),"11/12",IF(F35<>"",11,12)) -> 12 | L35: 29 | O35: =_xlfn.IFNA(IF(N35<>"",_xlfn.XLOOKUP(N35,$D$6:$D$138,$H$6:$H$138),""),"11/12") | Q35: =_xlfn.IFNA(IF(P35<>"",_xlfn.XLOOKUP(P35,$D$6:$D$138,$H$6:$H$138),""),"11/12") | R35: 29 | AB35: Academic Elective (All Other Electives) | AC35: SCIENCE, TECHNOLOGY, ENGINEERING AND MATHEMATICS | AD35: Biology 3
B36: ACADEMIC | C36: SCIENCE, TECHNOLOGY, ENGINEERING AND MATHEMATICS | D36: Advanced Mathematics 2 | E36: =B36&" - "&C36 -> ACADEMIC - SCIENCE, TECHNOLOGY, ENGINEERING AND MATHEMATICS | G36: 2 | H36: =IF(AND(F36<>"",G36<>""),"11/12",IF(F36<>"",11,12)) -> 12 | L36: 30 | O36: =_xlfn.IFNA(IF(N36<>"",_xlfn.XLOOKUP(N36,$D$6:$D$138,$H$6:$H$138),""),"11/12") | Q36: =_xlfn.IFNA(IF(P36<>"",_xlfn.XLOOKUP(P36,$D$6:$D$138,$H$6:$H$138),""),"11/12") | R36: 30 | AB36: Academic Elective (All Other Electives) | AC36: SCIENCE, TECHNOLOGY, ENGINEERING AND MATHEMATICS | AD36: Biology 4
B37: ACADEMIC | C37: SCIENCE, TECHNOLOGY, ENGINEERING AND MATHEMATICS | D37: Biology 1 | E37: =B37&" - "&C37 -> ACADEMIC - SCIENCE, TECHNOLOGY, ENGINEERING AND MATHEMATICS | F37: 2 | H37: =IF(AND(F37<>"",G37<>""),"11/12",IF(F37<>"",11,12)) -> 11 | L37: 31 | O37: =_xlfn.IFNA(IF(N37<>"",_xlfn.XLOOKUP(N37,$D$6:$D$138,$H$6:$H$138),""),"11/12") | Q37: =_xlfn.IFNA(IF(P37<>"",_xlfn.XLOOKUP(P37,$D$6:$D$138,$H$6:$H$138),""),"11/12") | R37: 31 | AB37: Academic Elective (All Other Electives) | AC37: SCIENCE, TECHNOLOGY, ENGINEERING AND MATHEMATICS | AD37: Chemistry 1
B38: ACADEMIC | C38: SCIENCE, TECHNOLOGY, ENGINEERING AND MATHEMATICS | D38: Biology 2 | E38: =B38&" - "&C38 -> ACADEMIC - SCIENCE, TECHNOLOGY, ENGINEERING AND MATHEMATICS | F38: 2 | H38: =IF(AND(F38<>"",G38<>""),"11/12",IF(F38<>"",11,12)) -> 11 | L38: 32 | O38: =_xlfn.IFNA(IF(N38<>"",_xlfn.XLOOKUP(N38,$D$6:$D$138,$H$6:$H$138),""),"11/12") | Q38: =_xlfn.IFNA(IF(P38<>"",_xlfn.XLOOKUP(P38,$D$6:$D$138,$H$6:$H$138),""),"11/12") | R38: 32 | AB38: Academic Elective (All Other Electives) | AC38: SCIENCE, TECHNOLOGY, ENGINEERING AND MATHEMATICS | AD38: Chemistry 2
B39: ACADEMIC | C39: SCIENCE, TECHNOLOGY, ENGINEERING AND MATHEMATICS | D39: Biology 3 | E39: =B39&" - "&C39 -> ACADEMIC - SCIENCE, TECHNOLOGY, ENGINEERING AND MATHEMATICS | G39: 2 | H39: =IF(AND(F39<>"",G39<>""),"11/12",IF(F39<>"",11,12)) -> 12 | L39: 33 | O39: =_xlfn.IFNA(IF(N39<>"",_xlfn.XLOOKUP(N39,$D$6:$D$138,$H$6:$H$138),""),"11/12") | Q39: =_xlfn.IFNA(IF(P39<>"",_xlfn.XLOOKUP(P39,$D$6:$D$138,$H$6:$H$138),""),"11/12") | R39: 33 | AB39: Academic Elective (All Other Electives) | AC39: SCIENCE, TECHNOLOGY, ENGINEERING AND MATHEMATICS | AD39: Chemistry 3
B40: ACADEMIC | C40: SCIENCE, TECHNOLOGY, ENGINEERING AND MATHEMATICS | D40: Biology 4 | E40: =B40&" - "&C40 -> ACADEMIC - SCIENCE, TECHNOLOGY, ENGINEERING AND MATHEMATICS | G40: 2 | H40: =IF(AND(F40<>"",G40<>""),"11/12",IF(F40<>"",11,12)) -> 12 | L40: 34 | O40: =_xlfn.IFNA(IF(N40<>"",_xlfn.XLOOKUP(N40,$D$6:$D$138,$H$6:$H$138),""),"11/12") | Q40: =_xlfn.IFNA(IF(P40<>"",_xlfn.XLOOKUP(P40,$D$6:$D$138,$H$6:$H$138),""),"11/12") | R40: 34 | AB40: Academic Elective (All Other Electives) | AC40: SCIENCE, TECHNOLOGY, ENGINEERING AND MATHEMATICS | AD40: Chemistry 4
B41: ACADEMIC | C41: SCIENCE, TECHNOLOGY, ENGINEERING AND MATHEMATICS | D41: Chemistry 1 | E41: =B41&" - "&C41 -> ACADEMIC - SCIENCE, TECHNOLOGY, ENGINEERING AND MATHEMATICS | F41: 2 | H41: =IF(AND(F41<>"",G41<>""),"11/12",IF(F41<>"",11,12)) -> 11 | L41: 35 | O41: =_xlfn.IFNA(IF(N41<>"",_xlfn.XLOOKUP(N41,$D$6:$D$138,$H$6:$H$138),""),"11/12") | Q41: =_xlfn.IFNA(IF(P41<>"",_xlfn.XLOOKUP(P41,$D$6:$D$138,$H$6:$H$138),""),"11/12") | R41: 35 | AB41: Academic Elective (All Other Electives) | AC41: SCIENCE, TECHNOLOGY, ENGINEERING AND MATHEMATICS | AD41: Database Management
B42: ACADEMIC | C42: SCIENCE, TECHNOLOGY, ENGINEERING AND MATHEMATICS | D42: Chemistry 2 | E42: =B42&" - "&C42 -> ACADEMIC - SCIENCE, TECHNOLOGY, ENGINEERING AND MATHEMATICS | F42: 2 | H42: =IF(AND(F42<>"",G42<>""),"11/12",IF(F42<>"",11,12)) -> 11 | L42: 36 | O42: =_xlfn.IFNA(IF(N42<>"",_xlfn.XLOOKUP(N42,$D$6:$D$138,$H$6:$H$138),""),"11/12") | Q42: =_xlfn.IFNA(IF(P42<>"",_xlfn.XLOOKUP(P42,$D$6:$D$138,$H$6:$H$138),""),"11/12") | R42: 36 | AB42: Academic Elective (All Other Electives) | AC42: SCIENCE, TECHNOLOGY, ENGINEERING AND MATHEMATICS | AD42: Earth and Space Science 1
B43: ACADEMIC | C43: SCIENCE, TECHNOLOGY, ENGINEERING AND MATHEMATICS | D43: Chemistry 3 | E43: =B43&" - "&C43 -> ACADEMIC - SCIENCE, TECHNOLOGY, ENGINEERING AND MATHEMATICS | G43: 2 | H43: =IF(AND(F43<>"",G43<>""),"11/12",IF(F43<>"",11,12)) -> 12 | L43: 37 | O43: =_xlfn.IFNA(IF(N43<>"",_xlfn.XLOOKUP(N43,$D$6:$D$138,$H$6:$H$138),""),"11/12") | Q43: =_xlfn.IFNA(IF(P43<>"",_xlfn.XLOOKUP(P43,$D$6:$D$138,$H$6:$H$138),""),"11/12") | R43: 37 | AB43: Academic Elective (All Other Electives) | AC43: SCIENCE, TECHNOLOGY, ENGINEERING AND MATHEMATICS | AD43: Earth and Space Science 2
B44: ACADEMIC | C44: SCIENCE, TECHNOLOGY, ENGINEERING AND MATHEMATICS | D44: Chemistry 4 | E44: =B44&" - "&C44 -> ACADEMIC - SCIENCE, TECHNOLOGY, ENGINEERING AND MATHEMATICS | G44: 2 | H44: =IF(AND(F44<>"",G44<>""),"11/12",IF(F44<>"",11,12)) -> 12 | L44: 38 | O44: =_xlfn.IFNA(IF(N44<>"",_xlfn.XLOOKUP(N44,$D$6:$D$138,$H$6:$H$138),""),"11/12") | Q44: =_xlfn.IFNA(IF(P44<>"",_xlfn.XLOOKUP(P44,$D$6:$D$138,$H$6:$H$138),""),"11/12") | R44: 38 | AB44: Academic Elective (All Other Electives) | AC44: SCIENCE, TECHNOLOGY, ENGINEERING AND MATHEMATICS | AD44: Earth and Space Science 3
B45: ACADEMIC | C45: SCIENCE, TECHNOLOGY, ENGINEERING AND MATHEMATICS | D45: Database Management | E45: =B45&" - "&C45 -> ACADEMIC - SCIENCE, TECHNOLOGY, ENGINEERING AND MATHEMATICS | F45: 2 | G45: 2 | H45: =IF(AND(F45<>"",G45<>""),"11/12",IF(F45<>"",11,12)) -> 11/12 | L45: 39 | O45: =_xlfn.IFNA(IF(N45<>"",_xlfn.XLOOKUP(N45,$D$6:$D$138,$H$6:$H$138),""),"11/12") | Q45: =_xlfn.IFNA(IF(P45<>"",_xlfn.XLOOKUP(P45,$D$6:$D$138,$H$6:$H$138),""),"11/12") | R45: 39 | AB45: Academic Elective (All Other Electives) | AC45: SCIENCE, TECHNOLOGY, ENGINEERING AND MATHEMATICS | AD45: Earth and Space Science 4
B46: ACADEMIC | C46: SCIENCE, TECHNOLOGY, ENGINEERING AND MATHEMATICS | D46: Earth and Space Science 1 | E46: =B46&" - "&C46 -> ACADEMIC - SCIENCE, TECHNOLOGY, ENGINEERING AND MATHEMATICS | F46: 2 | H46: =IF(AND(F46<>"",G46<>""),"11/12",IF(F46<>"",11,12)) -> 11 | L46: 40 | O46: =_xlfn.IFNA(IF(N46<>"",_xlfn.XLOOKUP(N46,$D$6:$D$138,$H$6:$H$138),""),"11/12") | Q46: =_xlfn.IFNA(IF(P46<>"",_xlfn.XLOOKUP(P46,$D$6:$D$138,$H$6:$H$138),""),"11/12") | R46: 40 | AB46: Academic Elective (All Other Electives) | AC46: SCIENCE, TECHNOLOGY, ENGINEERING AND MATHEMATICS | AD46: Empowerment Technologies
B47: ACADEMIC | C47: SCIENCE, TECHNOLOGY, ENGINEERING AND MATHEMATICS | D47: Earth and Space Science 2 | E47: =B47&" - "&C47 -> ACADEMIC - SCIENCE, TECHNOLOGY, ENGINEERING AND MATHEMATICS | F47: 2 | H47: =IF(AND(F47<>"",G47<>""),"11/12",IF(F47<>"",11,12)) -> 11 | L47: 41 | O47: =_xlfn.IFNA(IF(N47<>"",_xlfn.XLOOKUP(N47,$D$6:$D$138,$H$6:$H$138),""),"11/12") | Q47: =_xlfn.IFNA(IF(P47<>"",_xlfn.XLOOKUP(P47,$D$6:$D$138,$H$6:$H$138),""),"11/12") | R47: 41 | AB47: Academic Elective (All Other Electives) | AC47: SCIENCE, TECHNOLOGY, ENGINEERING AND MATHEMATICS | AD47: Finite Mathematics 1
B48: ACADEMIC | C48: SCIENCE, TECHNOLOGY, ENGINEERING AND MATHEMATICS | D48: Earth and Space Science 3 | E48: =B48&" - "&C48 -> ACADEMIC - SCIENCE, TECHNOLOGY, ENGINEERING AND MATHEMATICS | G48: 2 | H48: =IF(AND(F48<>"",G48<>""),"11/12",IF(F48<>"",11,12)) -> 12 | L48: 42 | O48: =_xlfn.IFNA(IF(N48<>"",_xlfn.XLOOKUP(N48,$D$6:$D$138,$H$6:$H$138),""),"11/12") | Q48: =_xlfn.IFNA(IF(P48<>"",_xlfn.XLOOKUP(P48,$D$6:$D$138,$H$6:$H$138),""),"11/12") | R48: 42 | AB48: Academic Elective (All Other Electives) | AC48: SCIENCE, TECHNOLOGY, ENGINEERING AND MATHEMATICS | AD48: Finite Mathematics 2
B49: ACADEMIC | C49: SCIENCE, TECHNOLOGY, ENGINEERING AND MATHEMATICS | D49: Earth and Space Science 4 | E49: =B49&" - "&C49 -> ACADEMIC - SCIENCE, TECHNOLOGY, ENGINEERING AND MATHEMATICS | G49: 2 | H49: =IF(AND(F49<>"",G49<>""),"11/12",IF(F49<>"",11,12)) -> 12 | L49: 43 | O49: =_xlfn.IFNA(IF(N49<>"",_xlfn.XLOOKUP(N49,$D$6:$D$138,$H$6:$H$138),""),"11/12") | Q49: =_xlfn.IFNA(IF(P49<>"",_xlfn.XLOOKUP(P49,$D$6:$D$138,$H$6:$H$138),""),"11/12") | R49: 43 | AB49: Academic Elective (All Other Electives) | AC49: SCIENCE, TECHNOLOGY, ENGINEERING AND MATHEMATICS | AD49: Fundamentals in Data Analytics
B50: ACADEMIC | C50: SCIENCE, TECHNOLOGY, ENGINEERING AND MATHEMATICS | D50: Empowerment Technologies | E50: =B50&" - "&C50 -> ACADEMIC - SCIENCE, TECHNOLOGY, ENGINEERING AND MATHEMATICS | F50: 2 | G50: 2 | H50: =IF(AND(F50<>"",G50<>""),"11/12",IF(F50<>"",11,12)) -> 11/12 | L50: 44 | O50: =_xlfn.IFNA(IF(N50<>"",_xlfn.XLOOKUP(N50,$D$6:$D$138,$H$6:$H$138),""),"11/12") | Q50: =_xlfn.IFNA(IF(P50<>"",_xlfn.XLOOKUP(P50,$D$6:$D$138,$H$6:$H$138),""),"11/12") | R50: 44 | AB50: Academic Elective (All Other Electives) | AC50: SCIENCE, TECHNOLOGY, ENGINEERING AND MATHEMATICS | AD50: General Science 3
B51: ACADEMIC | C51: SCIENCE, TECHNOLOGY, ENGINEERING AND MATHEMATICS | D51: Finite Mathematics 1 | E51: =B51&" - "&C51 -> ACADEMIC - SCIENCE, TECHNOLOGY, ENGINEERING AND MATHEMATICS | F51: 2 | G51: 2 | H51: =IF(AND(F51<>"",G51<>""),"11/12",IF(F51<>"",11,12)) -> 11/12 | L51: 45 | O51: =_xlfn.IFNA(IF(N51<>"",_xlfn.XLOOKUP(N51,$D$6:$D$138,$H$6:$H$138),""),"11/12") | Q51: =_xlfn.IFNA(IF(P51<>"",_xlfn.XLOOKUP(P51,$D$6:$D$138,$H$6:$H$138),""),"11/12") | R51: 45 | AB51: Academic Elective (All Other Electives) | AC51: SCIENCE, TECHNOLOGY, ENGINEERING AND MATHEMATICS | AD51: General Science 4
B52: ACADEMIC | C52: SCIENCE, TECHNOLOGY, ENGINEERING AND MATHEMATICS | D52: Finite Mathematics 2 | E52: =B52&" - "&C52 -> ACADEMIC - SCIENCE, TECHNOLOGY, ENGINEERING AND MATHEMATICS | F52: 2 | G52: 2 | H52: =IF(AND(F52<>"",G52<>""),"11/12",IF(F52<>"",11,12)) -> 11/12 | L52: 46 | O52: =_xlfn.IFNA(IF(N52<>"",_xlfn.XLOOKUP(N52,$D$6:$D$138,$H$6:$H$138),""),"11/12") | Q52: =_xlfn.IFNA(IF(P52<>"",_xlfn.XLOOKUP(P52,$D$6:$D$138,$H$6:$H$138),""),"11/12") | R52: 46 | AB52: Academic Elective (All Other Electives) | AC52: SCIENCE, TECHNOLOGY, ENGINEERING AND MATHEMATICS | AD52: Physics 1
B53: ACADEMIC | C53: SCIENCE, TECHNOLOGY, ENGINEERING AND MATHEMATICS | D53: Fundamentals in Data Analytics | E53: =B53&" - "&C53 -> ACADEMIC - SCIENCE, TECHNOLOGY, ENGINEERING AND MATHEMATICS | F53: 2 | G53: 2 | H53: =IF(AND(F53<>"",G53<>""),"11/12",IF(F53<>"",11,12)) -> 11/12 | L53: 47 | O53: =_xlfn.IFNA(IF(N53<>"",_xlfn.XLOOKUP(N53,$D$6:$D$138,$H$6:$H$138),""),"11/12") | Q53: =_xlfn.IFNA(IF(P53<>"",_xlfn.XLOOKUP(P53,$D$6:$D$138,$H$6:$H$138),""),"11/12") | R53: 47 | AB53: Academic Elective (All Other Electives) | AC53: SCIENCE, TECHNOLOGY, ENGINEERING AND MATHEMATICS | AD53: Physics 2
B54: ACADEMIC | C54: SCIENCE, TECHNOLOGY, ENGINEERING AND MATHEMATICS | D54: General Science 3 | E54: =B54&" - "&C54 -> ACADEMIC - SCIENCE, TECHNOLOGY, ENGINEERING AND MATHEMATICS | G54: 2 | H54: =IF(AND(F54<>"",G54<>""),"11/12",IF(F54<>"",11,12)) -> 12 | L54: 48 | O54: =_xlfn.IFNA(IF(N54<>"",_xlfn.XLOOKUP(N54,$D$6:$D$138,$H$6:$H$138),""),"11/12") | Q54: =_xlfn.IFNA(IF(P54<>"",_xlfn.XLOOKUP(P54,$D$6:$D$138,$H$6:$H$138),""),"11/12") | R54: 48 | AB54: Academic Elective (All Other Electives) | AC54: SCIENCE, TECHNOLOGY, ENGINEERING AND MATHEMATICS | AD54: Physics 3
B55: ACADEMIC | C55: SCIENCE, TECHNOLOGY, ENGINEERING AND MATHEMATICS | D55: General Science 4 | E55: =B55&" - "&C55 -> ACADEMIC - SCIENCE, TECHNOLOGY, ENGINEERING AND MATHEMATICS | G55: 2 | H55: =IF(AND(F55<>"",G55<>""),"11/12",IF(F55<>"",11,12)) -> 12 | L55: 49 | O55: =_xlfn.IFNA(IF(N55<>"",_xlfn.XLOOKUP(N55,$D$6:$D$138,$H$6:$H$138),""),"11/12") | Q55: =_xlfn.IFNA(IF(P55<>"",_xlfn.XLOOKUP(P55,$D$6:$D$138,$H$6:$H$138),""),"11/12") | R55: 49 | AB55: Academic Elective (All Other Electives) | AC55: SCIENCE, TECHNOLOGY, ENGINEERING AND MATHEMATICS | AD55: Physics 4
B56: ACADEMIC | C56: SCIENCE, TECHNOLOGY, ENGINEERING AND MATHEMATICS | D56: Physics 1 | E56: =B56&" - "&C56 -> ACADEMIC - SCIENCE, TECHNOLOGY, ENGINEERING AND MATHEMATICS | F56: 2 | H56: =IF(AND(F56<>"",G56<>""),"11/12",IF(F56<>"",11,12)) -> 11 | L56: 50 | O56: =_xlfn.IFNA(IF(N56<>"",_xlfn.XLOOKUP(N56,$D$6:$D$138,$H$6:$H$138),""),"11/12") | Q56: =_xlfn.IFNA(IF(P56<>"",_xlfn.XLOOKUP(P56,$D$6:$D$138,$H$6:$H$138),""),"11/12") | R56: 50 | AB56: Academic Elective (All Other Electives) | AC56: SCIENCE, TECHNOLOGY, ENGINEERING AND MATHEMATICS | AD56: Pre-calculus 1
B57: ACADEMIC | C57: SCIENCE, TECHNOLOGY, ENGINEERING AND MATHEMATICS | D57: Physics 2 | E57: =B57&" - "&C57 -> ACADEMIC - SCIENCE, TECHNOLOGY, ENGINEERING AND MATHEMATICS | F57: 2 | H57: =IF(AND(F57<>"",G57<>""),"11/12",IF(F57<>"",11,12)) -> 11 | L57: 51 | O57: =_xlfn.IFNA(IF(N57<>"",_xlfn.XLOOKUP(N57,$D$6:$D$138,$H$6:$H$138),""),"11/12") | Q57: =_xlfn.IFNA(IF(P57<>"",_xlfn.XLOOKUP(P57,$D$6:$D$138,$H$6:$H$138),""),"11/12") | R57: 51 | AB57: Academic Elective (All Other Electives) | AC57: SCIENCE, TECHNOLOGY, ENGINEERING AND MATHEMATICS | AD57: Pre-calculus 2
B58: ACADEMIC | C58: SCIENCE, TECHNOLOGY, ENGINEERING AND MATHEMATICS | D58: Physics 3 | E58: =B58&" - "&C58 -> ACADEMIC - SCIENCE, TECHNOLOGY, ENGINEERING AND MATHEMATICS | G58: 2 | H58: =IF(AND(F58<>"",G58<>""),"11/12",IF(F58<>"",11,12)) -> 12 | L58: 52 | O58: =_xlfn.IFNA(IF(N58<>"",_xlfn.XLOOKUP(N58,$D$6:$D$138,$H$6:$H$138),""),"11/12") | Q58: =_xlfn.IFNA(IF(P58<>"",_xlfn.XLOOKUP(P58,$D$6:$D$138,$H$6:$H$138),""),"11/12") | R58: 52 | AB58: Academic Elective (All Other Electives) | AC58: SCIENCE, TECHNOLOGY, ENGINEERING AND MATHEMATICS | AD58: Trigonometry 1
B59: ACADEMIC | C59: SCIENCE, TECHNOLOGY, ENGINEERING AND MATHEMATICS | D59: Physics 4 | E59: =B59&" - "&C59 -> ACADEMIC - SCIENCE, TECHNOLOGY, ENGINEERING AND MATHEMATICS | G59: 2 | H59: =IF(AND(F59<>"",G59<>""),"11/12",IF(F59<>"",11,12)) -> 12 | L59: 53 | O59: =_xlfn.IFNA(IF(N59<>"",_xlfn.XLOOKUP(N59,$D$6:$D$138,$H$6:$H$138),""),"11/12") | Q59: =_xlfn.IFNA(IF(P59<>"",_xlfn.XLOOKUP(P59,$D$6:$D$138,$H$6:$H$138),""),"11/12") | R59: 53 | AB59: Academic Elective (All Other Electives) | AC59: SCIENCE, TECHNOLOGY, ENGINEERING AND MATHEMATICS | AD59: Trigonometry 2
B60: ACADEMIC | C60: SCIENCE, TECHNOLOGY, ENGINEERING AND MATHEMATICS | D60: Pre-calculus 1 | E60: =B60&" - "&C60 -> ACADEMIC - SCIENCE, TECHNOLOGY, ENGINEERING AND MATHEMATICS | G60: 2 | H60: =IF(AND(F60<>"",G60<>""),"11/12",IF(F60<>"",11,12)) -> 12 | L60: 54 | O60: =_xlfn.IFNA(IF(N60<>"",_xlfn.XLOOKUP(N60,$D$6:$D$138,$H$6:$H$138),""),"11/12") | Q60: =_xlfn.IFNA(IF(P60<>"",_xlfn.XLOOKUP(P60,$D$6:$D$138,$H$6:$H$138),""),"11/12") | R60: 54 | AB60: Academic Elective (All Other Electives) | AC60: SPORTS, HEALTH AND WELLNESS | AD60: Exercise and Sports Programming
B61: ACADEMIC | C61: SCIENCE, TECHNOLOGY, ENGINEERING AND MATHEMATICS | D61: Pre-calculus 2 | E61: =B61&" - "&C61 -> ACADEMIC - SCIENCE, TECHNOLOGY, ENGINEERING AND MATHEMATICS | G61: 2 | H61: =IF(AND(F61<>"",G61<>""),"11/12",IF(F61<>"",11,12)) -> 12 | L61: 55 | O61: =_xlfn.IFNA(IF(N61<>"",_xlfn.XLOOKUP(N61,$D$6:$D$138,$H$6:$H$138),""),"11/12") | Q61: =_xlfn.IFNA(IF(P61<>"",_xlfn.XLOOKUP(P61,$D$6:$D$138,$H$6:$H$138),""),"11/12") | R61: 55 | AB61: Academic Elective (All Other Electives) | AC61: SPORTS, HEALTH AND WELLNESS | AD61: Human Movement 1 (Basic Anatomy in Sports and Exercise)
B62: ACADEMIC | C62: SCIENCE, TECHNOLOGY, ENGINEERING AND MATHEMATICS | D62: Trigonometry 1 | E62: =B62&" - "&C62 -> ACADEMIC - SCIENCE, TECHNOLOGY, ENGINEERING AND MATHEMATICS | G62: 2 | H62: =IF(AND(F62<>"",G62<>""),"11/12",IF(F62<>"",11,12)) -> 12 | L62: 56 | O62: =_xlfn.IFNA(IF(N62<>"",_xlfn.XLOOKUP(N62,$D$6:$D$138,$H$6:$H$138),""),"11/12") | Q62: =_xlfn.IFNA(IF(P62<>"",_xlfn.XLOOKUP(P62,$D$6:$D$138,$H$6:$H$138),""),"11/12") | R62: 56 | AB62: Academic Elective (All Other Electives) | AC62: SPORTS, HEALTH AND WELLNESS | AD62: Human Movement 2 (Motor Skills Development)
B63: ACADEMIC | C63: SCIENCE, TECHNOLOGY, ENGINEERING AND MATHEMATICS | D63: Trigonometry 2 | E63: =B63&" - "&C63 -> ACADEMIC - SCIENCE, TECHNOLOGY, ENGINEERING AND MATHEMATICS | G63: 2 | H63: =IF(AND(F63<>"",G63<>""),"11/12",IF(F63<>"",11,12)) -> 12 | L63: 57 | O63: =_xlfn.IFNA(IF(N63<>"",_xlfn.XLOOKUP(N63,$D$6:$D$138,$H$6:$H$138),""),"11/12") | Q63: =_xlfn.IFNA(IF(P63<>"",_xlfn.XLOOKUP(P63,$D$6:$D$138,$H$6:$H$138),""),"11/12") | R63: 57 | AB63: Academic Elective (All Other Electives) | AC63: SPORTS, HEALTH AND WELLNESS | AD63: Physical Education 1 (Fitness and Recreation)
B64: ACADEMIC | C64: SPORTS, HEALTH AND WELLNESS | D64: Exercise and Sports Programming | E64: =B64&" - "&C64 -> ACADEMIC - SPORTS, HEALTH AND WELLNESS | F64: 2 | G64: 2 | H64: =IF(AND(F64<>"",G64<>""),"11/12",IF(F64<>"",11,12)) -> 11/12 | L64: 58 | O64: =_xlfn.IFNA(IF(N64<>"",_xlfn.XLOOKUP(N64,$D$6:$D$138,$H$6:$H$138),""),"11/12") | Q64: =_xlfn.IFNA(IF(P64<>"",_xlfn.XLOOKUP(P64,$D$6:$D$138,$H$6:$H$138),""),"11/12") | R64: 58 | AB64: Academic Elective (All Other Electives) | AC64: SPORTS, HEALTH AND WELLNESS | AD64: Physical Education 2 (Sports and Dance)
B65: ACADEMIC | C65: SPORTS, HEALTH AND WELLNESS | D65: Human Movement 1 (Basic Anatomy in Sports and Exercise) | E65: =B65&" - "&C65 -> ACADEMIC - SPORTS, HEALTH AND WELLNESS | F65: 2 | H65: =IF(AND(F65<>"",G65<>""),"11/12",IF(F65<>"",11,12)) -> 11 | L65: 59 | O65: =_xlfn.IFNA(IF(N65<>"",_xlfn.XLOOKUP(N65,$D$6:$D$138,$H$6:$H$138),""),"11/12") | Q65: =_xlfn.IFNA(IF(P65<>"",_xlfn.XLOOKUP(P65,$D$6:$D$138,$H$6:$H$138),""),"11/12") | R65: 59 | AB65: Academic Elective (All Other Electives) | AC65: SPORTS, HEALTH AND WELLNESS | AD65: Safety and First Aid
B66: ACADEMIC | C66: SPORTS, HEALTH AND WELLNESS | D66: Human Movement 2 (Motor Skills Development) | E66: =B66&" - "&C66 -> ACADEMIC - SPORTS, HEALTH AND WELLNESS | F66: 2 | H66: =IF(AND(F66<>"",G66<>""),"11/12",IF(F66<>"",11,12)) -> 11 | L66: 60 | O66: =_xlfn.IFNA(IF(N66<>"",_xlfn.XLOOKUP(N66,$D$6:$D$138,$H$6:$H$138),""),"11/12") | Q66: =_xlfn.IFNA(IF(P66<>"",_xlfn.XLOOKUP(P66,$D$6:$D$138,$H$6:$H$138),""),"11/12") | R66: 60 | AB66: Academic Elective (All Other Electives) | AC66: SPORTS, HEALTH AND WELLNESS | AD66: Sports Activity Management
B67: ACADEMIC | C67: SPORTS, HEALTH AND WELLNESS | D67: Physical Education 1 (Fitness and Recreation) | E67: =B67&" - "&C67 -> ACADEMIC - SPORTS, HEALTH AND WELLNESS | F67: 2 | G67: 2 | H67: =IF(AND(F67<>"",G67<>""),"11/12",IF(F67<>"",11,12)) -> 11/12 | L67: 61 | O67: =_xlfn.IFNA(IF(N67<>"",_xlfn.XLOOKUP(N67,$D$6:$D$138,$H$6:$H$138),""),"11/12") | Q67: =_xlfn.IFNA(IF(P67<>"",_xlfn.XLOOKUP(P67,$D$6:$D$138,$H$6:$H$138),""),"11/12") | R67: 61 | AB67: Academic Elective (All Other Electives) | AC67: SPORTS, HEALTH AND WELLNESS | AD67: Sports Coaching
B68: ACADEMIC | C68: SPORTS, HEALTH AND WELLNESS | D68: Physical Education 2 (Sports and Dance) | E68: =B68&" - "&C68 -> ACADEMIC - SPORTS, HEALTH AND WELLNESS | F68: 2 | G68: 2 | H68: =IF(AND(F68<>"",G68<>""),"11/12",IF(F68<>"",11,12)) -> 11/12 | L68: 62 | O68: =_xlfn.IFNA(IF(N68<>"",_xlfn.XLOOKUP(N68,$D$6:$D$138,$H$6:$H$138),""),"11/12") | Q68: =_xlfn.IFNA(IF(P68<>"",_xlfn.XLOOKUP(P68,$D$6:$D$138,$H$6:$H$138),""),"11/12") | R68: 62 | AB68: Academic Elective (All Other Electives) | AC68: SPORTS, HEALTH AND WELLNESS | AD68: Sports Officiating
B69: ACADEMIC | C69: SPORTS, HEALTH AND WELLNESS | D69: Safety and First Aid | E69: =B69&" - "&C69 -> ACADEMIC - SPORTS, HEALTH AND WELLNESS | F69: 2 | G69: 2 | H69: =IF(AND(F69<>"",G69<>""),"11/12",IF(F69<>"",11,12)) -> 11/12 | L69: 63 | O69: =_xlfn.IFNA(IF(N69<>"",_xlfn.XLOOKUP(N69,$D$6:$D$138,$H$6:$H$138),""),"11/12") | Q69: =_xlfn.IFNA(IF(P69<>"",_xlfn.XLOOKUP(P69,$D$6:$D$138,$H$6:$H$138),""),"11/12") | R69: 63 | AB69: Academic Elective (Field Experience / Exposure, and Sports and Arts) | AC69: FIELD EXPOSURE, ARTS AND SPORTS | AD69: Arts Apprenticeship
B70: ACADEMIC | C70: SPORTS, HEALTH AND WELLNESS | D70: Sports Activity Management | E70: =B70&" - "&C70 -> ACADEMIC - SPORTS, HEALTH AND WELLNESS | F70: 2 | G70: 2 | H70: =IF(AND(F70<>"",G70<>""),"11/12",IF(F70<>"",11,12)) -> 11/12 | L70: 64 | O70: =_xlfn.IFNA(IF(N70<>"",_xlfn.XLOOKUP(N70,$D$6:$D$138,$H$6:$H$138),""),"11/12") | Q70: =_xlfn.IFNA(IF(P70<>"",_xlfn.XLOOKUP(P70,$D$6:$D$138,$H$6:$H$138),""),"11/12") | R70: 64 | AB70: Academic Elective (Field Experience / Exposure, and Sports and Arts) | AC70: FIELD EXPOSURE, ARTS AND SPORTS | AD70: Creative Production and Presentation
B71: ACADEMIC | C71: SPORTS, HEALTH AND WELLNESS | D71: Sports Coaching | E71: =B71&" - "&C71 -> ACADEMIC - SPORTS, HEALTH AND WELLNESS | F71: 2 | G71: 2 | H71: =IF(AND(F71<>"",G71<>""),"11/12",IF(F71<>"",11,12)) -> 11/12 | L71: 65 | O71: =_xlfn.IFNA(IF(N71<>"",_xlfn.XLOOKUP(N71,$D$6:$D$138,$H$6:$H$138),""),"11/12") | Q71: =_xlfn.IFNA(IF(P71<>"",_xlfn.XLOOKUP(P71,$D$6:$D$138,$H$6:$H$138),""),"11/12") | R71: 65 | AB71: Academic Elective (Field Experience / Exposure, and Sports and Arts) | AC71: FIELD EXPOSURE, ARTS AND SPORTS | AD71: Design and Innovation
B72: ACADEMIC | C72: SPORTS, HEALTH AND WELLNESS | D72: Sports Officiating | E72: =B72&" - "&C72 -> ACADEMIC - SPORTS, HEALTH AND WELLNESS | F72: 2 | G72: 2 | H72: =IF(AND(F72<>"",G72<>""),"11/12",IF(F72<>"",11,12)) -> 11/12 | L72: 66 | O72: =_xlfn.IFNA(IF(N72<>"",_xlfn.XLOOKUP(N72,$D$6:$D$138,$H$6:$H$138),""),"11/12") | Q72: =_xlfn.IFNA(IF(P72<>"",_xlfn.XLOOKUP(P72,$D$6:$D$138,$H$6:$H$138),""),"11/12") | R72: 66 | AB72: Academic Elective (Field Experience / Exposure, and Sports and Arts) | AC72: FIELD EXPOSURE, ARTS AND SPORTS | AD72: Research Methods
B73: ACADEMIC | C73: FIELD EXPOSURE | D73: Field Exposure - Arts Apprenticeship (Dance, Music, Theater Arts, Literary Arts, Visual Arts, Visual, Media, Applied, and Traditional Art) | E73: =B73&" - "&C73 -> ACADEMIC - FIELD EXPOSURE | F73: 2 | G73: 2 | H73: =IF(AND(F73<>"",G73<>""),"11/12",IF(F73<>"",11,12)) -> 11/12 | L73: 67 | O73: =_xlfn.IFNA(IF(N73<>"",_xlfn.XLOOKUP(N73,$D$6:$D$138,$H$6:$H$138),""),"11/12") | Q73: =_xlfn.IFNA(IF(P73<>"",_xlfn.XLOOKUP(P73,$D$6:$D$138,$H$6:$H$138),""),"11/12") | R73: 67 | AB73: Academic Elective (Field Experience / Exposure, and Sports and Arts) | AC73: FIELD EXPOSURE, ARTS AND SPORTS | AD73: Field Exposure
B74: ACADEMIC | C74: FIELD EXPOSURE | D74: Field Exposure - Creative Production and Presentation | E74: =B74&" - "&C74 -> ACADEMIC - FIELD EXPOSURE | F74: 2 | G74: 2 | H74: =IF(AND(F74<>"",G74<>""),"11/12",IF(F74<>"",11,12)) -> 11/12 | L74: 68 | O74: =_xlfn.IFNA(IF(N74<>"",_xlfn.XLOOKUP(N74,$D$6:$D$138,$H$6:$H$138),""),"11/12") | Q74: =_xlfn.IFNA(IF(P74<>"",_xlfn.XLOOKUP(P74,$D$6:$D$138,$H$6:$H$138),""),"11/12") | R74: 68 | AB74: TechPro Elective (All Other Electives) | AC74: AESTHETIC, WELLNESS AND HUMAN CARE CLUSTER | AD74: Aesthethic Services (Beauty Care)
B75: ACADEMIC | C75: FIELD EXPOSURE | D75: Field Exposure - Design and Innovation | E75: =B75&" - "&C75 -> ACADEMIC - FIELD EXPOSURE | F75: 2 | G75: 2 | H75: =IF(AND(F75<>"",G75<>""),"11/12",IF(F75<>"",11,12)) -> 11/12 | L75: 69 | O75: =_xlfn.IFNA(IF(N75<>"",_xlfn.XLOOKUP(N75,$D$6:$D$138,$H$6:$H$138),""),"11/12") | Q75: =_xlfn.IFNA(IF(P75<>"",_xlfn.XLOOKUP(P75,$D$6:$D$138,$H$6:$H$138),""),"11/12") | R75: 69 | AB75: TechPro Elective (All Other Electives) | AC75: AESTHETIC, WELLNESS AND HUMAN CARE CLUSTER | AD75: Barbering Services
B76: ACADEMIC | C76: FIELD EXPOSURE | D76: Field Exposure - Research Methods | E76: =B76&" - "&C76 -> ACADEMIC - FIELD EXPOSURE | F76: 2 | G76: 2 | H76: =IF(AND(F76<>"",G76<>""),"11/12",IF(F76<>"",11,12)) -> 11/12 | L76: 70 | O76: =_xlfn.IFNA(IF(N76<>"",_xlfn.XLOOKUP(N76,$D$6:$D$138,$H$6:$H$138),""),"11/12") | Q76: =_xlfn.IFNA(IF(P76<>"",_xlfn.XLOOKUP(P76,$D$6:$D$138,$H$6:$H$138),""),"11/12") | R76: 70 | AB76: TechPro Elective (All Other Electives) | AC76: AESTHETIC, WELLNESS AND HUMAN CARE CLUSTER | AD76: Caregiving (Adult Care)
B77: ACADEMIC | C77: FIELD EXPOSURE | D77: Field Exposure - (In-Campus) Sports | E77: =B77&" - "&C77 -> ACADEMIC - FIELD EXPOSURE | F77: 2 | G77: 2 | H77: =IF(AND(F77<>"",G77<>""),"11/12",IF(F77<>"",11,12)) -> 11/12 | O77: =_xlfn.IFNA(IF(N77<>"",_xlfn.XLOOKUP(N77,$D$6:$D$138,$H$6:$H$138),""),"11/12") | Q77: =_xlfn.IFNA(IF(P77<>"",_xlfn.XLOOKUP(P77,$D$6:$D$138,$H$6:$H$138),""),"11/12") | AB77: TechPro Elective (All Other Electives) | AC77: AESTHETIC, WELLNESS AND HUMAN CARE CLUSTER | AD77: Caregiving (Child Care)
B78: ACADEMIC | C78: FIELD EXPOSURE | D78: Field Exposure - (Off-Campus) (Business and Entrepreneurship/ Sports Health, and Wellness/ Science, Technology, Engineering, and Mathematics) | E78: =B78&" - "&C78 -> ACADEMIC - FIELD EXPOSURE | F78: 2 | G78: 2 | H78: =IF(AND(F78<>"",G78<>""),"11/12",IF(F78<>"",11,12)) -> 11/12 | O78: =_xlfn.IFNA(IF(N78<>"",_xlfn.XLOOKUP(N78,$D$6:$D$138,$H$6:$H$138),""),"11/12") | Q78: =_xlfn.IFNA(IF(P78<>"",_xlfn.XLOOKUP(P78,$D$6:$D$138,$H$6:$H$138),""),"11/12") | AB78: TechPro Elective (All Other Electives) | AC78: AESTHETIC, WELLNESS AND HUMAN CARE CLUSTER | AD78: Hairdressing Services
B79: TECHPRO | C79: AESTHETIC, WELLNESS AND HUMAN CARE CLUSTER | D79: Aesthethic Services (Beauty Care) | E79: =B79&" - "&C79 -> TECHPRO - AESTHETIC, WELLNESS AND HUMAN CARE CLUSTER | F79: 4 | G79: 2 | H79: =IF(AND(F79<>"",G79<>""),"11/12",IF(F79<>"",11,12)) -> 11/12 | O79: =_xlfn.IFNA(IF(N79<>"",_xlfn.XLOOKUP(N79,$D$6:$D$138,$H$6:$H$138),""),"11/12") | Q79: =_xlfn.IFNA(IF(P79<>"",_xlfn.XLOOKUP(P79,$D$6:$D$138,$H$6:$H$138),""),"11/12") | AB79: TechPro Elective (All Other Electives) | AC79: AESTHETIC, WELLNESS AND HUMAN CARE CLUSTER | AD79: Wellness Services (Hilot/Massage)
B80: TECHPRO | C80: AESTHETIC, WELLNESS AND HUMAN CARE CLUSTER | D80: Barbering Services | E80: =B80&" - "&C80 -> TECHPRO - AESTHETIC, WELLNESS AND HUMAN CARE CLUSTER | F80: 4 | G80: 2 | H80: =IF(AND(F80<>"",G80<>""),"11/12",IF(F80<>"",11,12)) -> 11/12 | O80: =_xlfn.IFNA(IF(N80<>"",_xlfn.XLOOKUP(N80,$D$6:$D$138,$H$6:$H$138),""),"11/12") | Q80: =_xlfn.IFNA(IF(P80<>"",_xlfn.XLOOKUP(P80,$D$6:$D$138,$H$6:$H$138),""),"11/12") | AB80: TechPro Elective (All Other Electives) | AC80: AGRI-FISHERY BUSINESS AND FOOD INNOVATION | AD80: Agricultural Crops Production
B81: TECHPRO | C81: AESTHETIC, WELLNESS AND HUMAN CARE CLUSTER | D81: Caregiving (Adult Care) | E81: =B81&" - "&C81 -> TECHPRO - AESTHETIC, WELLNESS AND HUMAN CARE CLUSTER | F81: 4 | G81: 2 | H81: =IF(AND(F81<>"",G81<>""),"11/12",IF(F81<>"",11,12)) -> 11/12 | O81: =_xlfn.IFNA(IF(N81<>"",_xlfn.XLOOKUP(N81,$D$6:$D$138,$H$6:$H$138),""),"11/12") | Q81: =_xlfn.IFNA(IF(P81<>"",_xlfn.XLOOKUP(P81,$D$6:$D$138,$H$6:$H$138),""),"11/12") | AB81: TechPro Elective (All Other Electives) | AC81: AGRI-FISHERY BUSINESS AND FOOD INNOVATION | AD81: Agro-entrepreneurship
B82: TECHPRO | C82: AESTHETIC, WELLNESS AND HUMAN CARE CLUSTER | D82: Caregiving (Child Care) | E82: =B82&" - "&C82 -> TECHPRO - AESTHETIC, WELLNESS AND HUMAN CARE CLUSTER | F82: 4 | G82: 2 | H82: =IF(AND(F82<>"",G82<>""),"11/12",IF(F82<>"",11,12)) -> 11/12 | O82: =_xlfn.IFNA(IF(N82<>"",_xlfn.XLOOKUP(N82,$D$6:$D$138,$H$6:$H$138),""),"11/12") | Q82: =_xlfn.IFNA(IF(P82<>"",_xlfn.XLOOKUP(P82,$D$6:$D$138,$H$6:$H$138),""),"11/12") | AB82: TechPro Elective (All Other Electives) | AC82: AGRI-FISHERY BUSINESS AND FOOD INNOVATION | AD82: Aquaculture
B83: TECHPRO | C83: AESTHETIC, WELLNESS AND HUMAN CARE CLUSTER | D83: Hairdressing Services | E83: =B83&" - "&C83 -> TECHPRO - AESTHETIC, WELLNESS AND HUMAN CARE CLUSTER | F83: 4 | G83: 2 | H83: =IF(AND(F83<>"",G83<>""),"11/12",IF(F83<>"",11,12)) -> 11/12 | O83: =_xlfn.IFNA(IF(N83<>"",_xlfn.XLOOKUP(N83,$D$6:$D$138,$H$6:$H$138),""),"11/12") | Q83: =_xlfn.IFNA(IF(P83<>"",_xlfn.XLOOKUP(P83,$D$6:$D$138,$H$6:$H$138),""),"11/12") | AB83: TechPro Elective (All Other Electives) | AC83: AGRI-FISHERY BUSINESS AND FOOD INNOVATION | AD83: Fish Capture Operation
B84: TECHPRO | C84: AESTHETIC, WELLNESS AND HUMAN CARE CLUSTER | D84: Wellness Services (Hilot/Massage) | E84: =B84&" - "&C84 -> TECHPRO - AESTHETIC, WELLNESS AND HUMAN CARE CLUSTER | F84: 4 | G84: 2 | H84: =IF(AND(F84<>"",G84<>""),"11/12",IF(F84<>"",11,12)) -> 11/12 | O84: =_xlfn.IFNA(IF(N84<>"",_xlfn.XLOOKUP(N84,$D$6:$D$138,$H$6:$H$138),""),"11/12") | Q84: =_xlfn.IFNA(IF(P84<>"",_xlfn.XLOOKUP(P84,$D$6:$D$138,$H$6:$H$138),""),"11/12") | AB84: TechPro Elective (All Other Electives) | AC84: AGRI-FISHERY BUSINESS AND FOOD INNOVATION | AD84: Food Processing
B85: TECHPRO | C85: AGRI-FISHERY BUSINESS AND FOOD INNOVATION | D85: Agricultural Crops Production | E85: =B85&" - "&C85 -> TECHPRO - AGRI-FISHERY BUSINESS AND FOOD INNOVATION | F85: 4 | G85: 2 | H85: =IF(AND(F85<>"",G85<>""),"11/12",IF(F85<>"",11,12)) -> 11/12 | O85: =_xlfn.IFNA(IF(N85<>"",_xlfn.XLOOKUP(N85,$D$6:$D$138,$H$6:$H$138),""),"11/12") | Q85: =_xlfn.IFNA(IF(P85<>"",_xlfn.XLOOKUP(P85,$D$6:$D$138,$H$6:$H$138),""),"11/12") | AB85: TechPro Elective (All Other Electives) | AC85: AGRI-FISHERY BUSINESS AND FOOD INNOVATION | AD85: Organic Agriculture Production
B86: TECHPRO | C86: AGRI-FISHERY BUSINESS AND FOOD INNOVATION | D86: Agro-entrepreneurship | E86: =B86&" - "&C86 -> TECHPRO - AGRI-FISHERY BUSINESS AND FOOD INNOVATION | F86: 4 | G86: 2 | H86: =IF(AND(F86<>"",G86<>""),"11/12",IF(F86<>"",11,12)) -> 11/12 | O86: =_xlfn.IFNA(IF(N86<>"",_xlfn.XLOOKUP(N86,$D$6:$D$138,$H$6:$H$138),""),"11/12") | Q86: =_xlfn.IFNA(IF(P86<>"",_xlfn.XLOOKUP(P86,$D$6:$D$138,$H$6:$H$138),""),"11/12") | AB86: TechPro Elective (All Other Electives) | AC86: AGRI-FISHERY BUSINESS AND FOOD INNOVATION | AD86: Poultry Production (Chicken)
B87: TECHPRO | C87: AGRI-FISHERY BUSINESS AND FOOD INNOVATION | D87: Aquaculture | E87: =B87&" - "&C87 -> TECHPRO - AGRI-FISHERY BUSINESS AND FOOD INNOVATION | F87: 4 | G87: 2 | H87: =IF(AND(F87<>"",G87<>""),"11/12",IF(F87<>"",11,12)) -> 11/12 | O87: =_xlfn.IFNA(IF(N87<>"",_xlfn.XLOOKUP(N87,$D$6:$D$138,$H$6:$H$138),""),"11/12") | Q87: =_xlfn.IFNA(IF(P87<>"",_xlfn.XLOOKUP(P87,$D$6:$D$138,$H$6:$H$138),""),"11/12") | AB87: TechPro Elective (All Other Electives) | AC87: AGRI-FISHERY BUSINESS AND FOOD INNOVATION | AD87: Ruminants Production
B88: TECHPRO | C88: AGRI-FISHERY BUSINESS AND FOOD INNOVATION | D88: Fish Capture Operation | E88: =B88&" - "&C88 -> TECHPRO - AGRI-FISHERY BUSINESS AND FOOD INNOVATION | F88: 4 | G88: 2 | H88: =IF(AND(F88<>"",G88<>""),"11/12",IF(F88<>"",11,12)) -> 11/12 | O88: =_xlfn.IFNA(IF(N88<>"",_xlfn.XLOOKUP(N88,$D$6:$D$138,$H$6:$H$138),""),"11/12") | Q88: =_xlfn.IFNA(IF(P88<>"",_xlfn.XLOOKUP(P88,$D$6:$D$138,$H$6:$H$138),""),"11/12") | AB88: TechPro Elective (All Other Electives) | AC88: AGRI-FISHERY BUSINESS AND FOOD INNOVATION | AD88: Swine Production
... B133: TECHPRO | C133: CONSTRUCTION AND BUILDING TECHNOLOGIES | D133: Work Immersion - Construction And Building Technologies | E133: =B133&" - "&C133 -> TECHPRO - CONSTRUCTION AND BUILDING TECHNOLOGIES | F133: 4 | G133: 2 | H133: =IF(AND(F133<>"",G133<>""),"11/12",IF(F133<>"",11,12)) -> 11/12 | O133: =_xlfn.IFNA(IF(N133<>"",_xlfn.XLOOKUP(N133,$D$6:$D$138,$H$6:$H$138),""),"11/12") | Q133: =_xlfn.IFNA(IF(P133<>"",_xlfn.XLOOKUP(P133,$D$6:$D$138,$H$6:$H$138),""),"11/12") | AB133: TechPro Elective (Work Immersion) | AC133: MARITIME TRANSPORT | AD133: Work Immersion
B134: TECHPRO | C134: CREATIVE ARTS AND DESIGN TECHNOLOGIES | D134: Work Immersion - Creative Arts And Design Technologies | E134: =B134&" - "&C134 -> TECHPRO - CREATIVE ARTS AND DESIGN TECHNOLOGIES | F134: 4 | G134: 2 | H134: =IF(AND(F134<>"",G134<>""),"11/12",IF(F134<>"",11,12)) -> 11/12 | O134: =_xlfn.IFNA(IF(N134<>"",_xlfn.XLOOKUP(N134,$D$6:$D$138,$H$6:$H$138),""),"11/12") | Q134: =_xlfn.IFNA(IF(P134<>"",_xlfn.XLOOKUP(P134,$D$6:$D$138,$H$6:$H$138),""),"11/12")
B135: TECHPRO | C135: HOSPITALITY AND TOURISM | D135: Work Immersion - Hospitality And Tourism | E135: =B135&" - "&C135 -> TECHPRO - HOSPITALITY AND TOURISM | F135: 4 | G135: 2 | H135: =IF(AND(F135<>"",G135<>""),"11/12",IF(F135<>"",11,12)) -> 11/12 | O135: =_xlfn.IFNA(IF(N135<>"",_xlfn.XLOOKUP(N135,$D$6:$D$138,$H$6:$H$138),""),"11/12") | Q135: =_xlfn.IFNA(IF(P135<>"",_xlfn.XLOOKUP(P135,$D$6:$D$138,$H$6:$H$138),""),"11/12")
B136: TECHPRO | C136: INDUSTRIAL TECHNOLOGIES | D136: Work Immersion - Industrial Technologies | E136: =B136&" - "&C136 -> TECHPRO - INDUSTRIAL TECHNOLOGIES | F136: 4 | G136: 2 | H136: =IF(AND(F136<>"",G136<>""),"11/12",IF(F136<>"",11,12)) -> 11/12 | O136: =_xlfn.IFNA(IF(N136<>"",_xlfn.XLOOKUP(N136,$D$6:$D$138,$H$6:$H$138),""),"11/12") | Q136: =_xlfn.IFNA(IF(P136<>"",_xlfn.XLOOKUP(P136,$D$6:$D$138,$H$6:$H$138),""),"11/12")
B137: TECHPRO | C137: ICT SUPPORT AND COMPUTER PROGRAMMING TECHNOLOGIES | D137: Work Immersion - Ict Support And Computer Programming Technologies | E137: =B137&" - "&C137 -> TECHPRO - ICT SUPPORT AND COMPUTER PROGRAMMING TECHNOLOGIES | F137: 4 | G137: 2 | H137: =IF(AND(F137<>"",G137<>""),"11/12",IF(F137<>"",11,12)) -> 11/12 | O137: =_xlfn.IFNA(IF(N137<>"",_xlfn.XLOOKUP(N137,$D$6:$D$138,$H$6:$H$138),""),"11/12") | Q137: =_xlfn.IFNA(IF(P137<>"",_xlfn.XLOOKUP(P137,$D$6:$D$138,$H$6:$H$138),""),"11/12")
B138: TECHPRO | C138: MARITIME TRANSPORT | D138: Work Immersion - Maritime Transport | E138: =B138&" - "&C138 -> TECHPRO - MARITIME TRANSPORT | F138: 4 | G138: 2 | H138: =IF(AND(F138<>"",G138<>""),"11/12",IF(F138<>"",11,12)) -> 11/12 | O138: =_xlfn.IFNA(IF(N138<>"",_xlfn.XLOOKUP(N138,$D$6:$D$138,$H$6:$H$138),""),"11/12") | Q138: =_xlfn.IFNA(IF(P138<>"",_xlfn.XLOOKUP(P138,$D$6:$D$138,$H$6:$H$138),""),"11/12")
